"","Rank1","Rank2","Rank3","Rank4","Rank5","Rank6","Rank7","Accession"
"ASV3","Bacteria","Proteobacteria","Gammaproteobacteria","Alteromonadales","Pseudoalteromonadaceae","Pseudoalteromonas",NA,NA
"ASV4","Bacteria","Proteobacteria","Gammaproteobacteria","Nitrosococcales","Methylophagaceae","uncultured",NA,NA
"ASV5","Bacteria","Proteobacteria","Gammaproteobacteria","Pseudomonadales","Moraxellaceae","Psychrobacter",NA,NA
"ASV6","Bacteria","Proteobacteria","Gammaproteobacteria","Betaproteobacteriales","Methylophilaceae","Methylophilus",NA,NA
"ASV11","Bacteria","Proteobacteria","Deltaproteobacteria","Myxococcales","Sandaracinaceae","uncultured",NA,NA
"ASV13","Bacteria","Proteobacteria","Gammaproteobacteria","Vibrionales","Vibrionaceae","Vibrio",NA,NA
"ASV14","Bacteria","Proteobacteria","Gammaproteobacteria","Betaproteobacteriales","Methylophilaceae","Methylotenera",NA,NA
"ASV15","Bacteria","Bacteroidetes","Bacteroidia","Flavobacteriales","Cryomorphaceae","uncultured",NA,NA
"ASV17","Bacteria","Actinobacteria","Acidimicrobiia","Actinomarinales","Actinomarinaceae","Candidatus_Actinomarina",NA,NA
"ASV18","Bacteria","Proteobacteria","Gammaproteobacteria","Thiotrichales","Thiotrichaceae","Cocleimonas",NA,NA
"ASV19","Bacteria","Bacteroidetes","Bacteroidia","Flavobacteriales","Flavobacteriaceae","Polaribacter",NA,NA
"ASV21","Bacteria","Bacteroidetes","Bacteroidia","Flavobacteriales","Flavobacteriaceae","Maribacter",NA,NA
"ASV22","Bacteria","Proteobacteria","Alphaproteobacteria","Rhodobacterales","Rhodobacteraceae","Sulfitobacter",NA,NA
"ASV24","Bacteria","Bacteroidetes","Bacteroidia","Chitinophagales","Saprospiraceae","uncultured",NA,NA
"ASV27","Bacteria","Actinobacteria","Acidimicrobiia","Microtrichales","Microtrichaceae","uncultured",NA,NA
"ASV28","Bacteria","Proteobacteria","Gammaproteobacteria","Thiohalorhabdales","Thiohalorhabdaceae","Granulosicoccus",NA,NA
"ASV31","Bacteria","Proteobacteria","Alphaproteobacteria","Rhizobiales","Rhizobiaceae","Allorhizobium-Neorhizobium-Pararhizobium-Rhizobium",NA,NA
"ASV33","Bacteria","Proteobacteria","Gammaproteobacteria","Thiotrichales","Thiotrichaceae","Leucothrix",NA,NA
"ASV34","Bacteria","Proteobacteria","Deltaproteobacteria","Desulfobacterales","Desulfobulbaceae","Desulforhopalus",NA,NA
"ASV36","Bacteria","Bacteroidetes","Bacteroidia","Flavobacteriales","Flavobacteriaceae","NS5_marine_group",NA,NA
"ASV39","Bacteria","Proteobacteria","Gammaproteobacteria","Oceanospirillales","Marinomonadaceae","Marinomonas",NA,NA
"ASV42","Bacteria","Proteobacteria","Alphaproteobacteria","Rhodobacterales","Rhodobacteraceae","Ascidiaceihabitans",NA,NA
"ASV43","Bacteria","Proteobacteria","Alphaproteobacteria","Caulobacterales","Hyphomonadaceae","Hellea",NA,NA
"ASV44","Bacteria","Epsilonbacteraeota","Campylobacteria","Campylobacterales","Thiovulaceae","Sulfurimonas",NA,NA
"ASV46","Bacteria","Proteobacteria","Gammaproteobacteria","Cellvibrionales","Halieaceae","OM60(NOR5)_clade",NA,NA
"ASV50","Bacteria","Bacteroidetes","Bacteroidia","Flavobacteriales","Flavobacteriaceae","uncultured",NA,NA
"ASV52","Bacteria","Bacteroidetes","Bacteroidia","Flavobacteriales","Flavobacteriaceae","Flaviramulus",NA,NA
"ASV53","Bacteria","Bacteroidetes","Bacteroidia","Flavobacteriales","Flavobacteriaceae","Tenacibaculum",NA,NA
"ASV57","Bacteria","Proteobacteria","Gammaproteobacteria","SAR86_clade","uncultured_gamma_proteobacterium","uncultured_gamma_proteobacterium",NA,NA
"ASV60","Bacteria","Proteobacteria","Gammaproteobacteria","Alteromonadales","Shewanellaceae","Shewanella",NA,NA
"ASV62","Bacteria","Cyanobacteria","Oxyphotobacteria","Synechococcales","Cyanobiaceae","Synechococcus_CC9902",NA,NA
"ASV65","Bacteria","Bacteroidetes","Bacteroidia","Flavobacteriales","Flavobacteriaceae","Ulvibacter",NA,NA
"ASV71","Bacteria","Proteobacteria","Deltaproteobacteria","Desulfobacterales","Desulfobulbaceae","uncultured",NA,NA
"ASV75","Bacteria","Proteobacteria","Alphaproteobacteria","Rhodobacterales","Rhodobacteraceae","Donghicola",NA,NA
"ASV80","Bacteria","Verrucomicrobia","Verrucomicrobiae","Verrucomicrobiales","Rubritaleaceae","Persicirhabdus",NA,NA
"ASV83","Bacteria","Proteobacteria","Alphaproteobacteria","Rhodobacterales","Rhodobacteraceae","Loktanella",NA,NA
"ASV89","Bacteria","Acidobacteria","Thermoanaerobaculia","Thermoanaerobaculales","Thermoanaerobaculaceae","Subgroup_10",NA,NA
"ASV91","Bacteria","Proteobacteria","Alphaproteobacteria","Caulobacterales","Hyphomonadaceae","Litorimonas",NA,NA
"ASV93","Bacteria","Proteobacteria","Gammaproteobacteria","Alteromonadales","Colwelliaceae","Colwellia",NA,NA
"ASV102","Bacteria","Bacteroidetes","Bacteroidia","Flavobacteriales","Flavobacteriaceae","Winogradskyella",NA,NA
"ASV104","Bacteria","Proteobacteria","Alphaproteobacteria","Sphingomonadales","Sphingomonadaceae","Altererythrobacter",NA,NA
"ASV105","Bacteria","Actinobacteria","Acidimicrobiia","Microtrichales","Ilumatobacteraceae","Ilumatobacter",NA,NA
"ASV106","Bacteria","Verrucomicrobia","Verrucomicrobiae","Verrucomicrobiales","Rubritaleaceae","Roseibacillus",NA,NA
"ASV107","Bacteria","Bacteroidetes","Bacteroidia","Bacteroidales","Bacteroidetes_BD2-2","uncultured_marine_bacterium",NA,NA
"ASV108","Bacteria","Proteobacteria","Alphaproteobacteria","Rhizobiales","Rhizobiaceae","Cohaesibacter",NA,NA
"ASV109","Bacteria","Bacteroidetes","Bacteroidia","Flavobacteriales","Flavobacteriaceae","Lutimonas",NA,NA
"ASV116","Bacteria","Proteobacteria","Gammaproteobacteria","Cellvibrionales","Halieaceae","Luminiphilus",NA,NA
"ASV117","Bacteria","Epsilonbacteraeota","Campylobacteria","Campylobacterales","Sulfurovaceae","Sulfurovum",NA,NA
"ASV118","Bacteria","Proteobacteria","Gammaproteobacteria","Cellvibrionales","Porticoccaceae","SAR92_clade",NA,NA
"ASV119","Bacteria","Proteobacteria","Gammaproteobacteria","Ectothiorhodospirales","Ectothiorhodospiraceae","uncultured",NA,NA
"ASV121","Bacteria","Firmicutes","Clostridia","Clostridiales","Lachnospiraceae","uncultured",NA,NA
"ASV122","Bacteria","Proteobacteria","Deltaproteobacteria","Desulfobacterales","Desulfobacteraceae","Sva0081_sediment_group",NA,NA
"ASV125","Bacteria","Proteobacteria","Alphaproteobacteria","Rhodobacterales","Rhodobacteraceae","Amylibacter",NA,NA
"ASV128","Bacteria","Bacteroidetes","Bacteroidia","Flavobacteriales","Flavobacteriaceae","Formosa",NA,NA
"ASV129","Bacteria","Bacteroidetes","Bacteroidia","Flavobacteriales","Flavobacteriaceae","Flavicella",NA,NA
"ASV131","Bacteria","Epsilonbacteraeota","Campylobacteria","Campylobacterales","Arcobacteraceae","Arcobacter",NA,NA
"ASV132","Bacteria","Bacteroidetes","Ignavibacteria","Ignavibacteriales","Ignavibacteriaceae","Ignavibacterium",NA,NA
"ASV133","Bacteria","Proteobacteria","Alphaproteobacteria","SAR11_clade","Clade_I","Clade_Ia",NA,NA
"ASV135","Bacteria","Proteobacteria","Alphaproteobacteria","Rhodobacterales","Rhodobacteraceae","Planktomarina",NA,NA
"ASV147","Bacteria","Verrucomicrobia","Verrucomicrobiae","Verrucomicrobiales","DEV007","uncultured_bacterium",NA,NA
"ASV153","Bacteria","Actinobacteria","Actinobacteria","Micrococcales","Microbacteriaceae","Candidatus_Aquiluna",NA,NA
"ASV165","Bacteria","Bacteroidetes","Bacteroidia","Sphingobacteriales","NS11-12_marine_group","uncultured_bacterium",NA,NA
"ASV167","Bacteria","Proteobacteria","Alphaproteobacteria","Rickettsiales","Rickettsiaceae","Rickettsia",NA,NA
"ASV177","Bacteria","Proteobacteria","Alphaproteobacteria","Rhodobacterales","Rhodobacteraceae","Pacificibacter",NA,NA
"ASV181","Bacteria","Bacteroidetes","Bacteroidia","Flavobacteriales","Flavobacteriaceae","NS3a_marine_group",NA,NA
"ASV185","Bacteria","Firmicutes","Clostridia","Clostridiales","Defluviitaleaceae","Defluviitaleaceae_UCG-011",NA,NA
"ASV194","Bacteria","Bacteroidetes","Bacteroidia","Flavobacteriales","Flavobacteriaceae","NS4_marine_group",NA,NA
"ASV198","Bacteria","Bacteroidetes","Ignavibacteria","Ignavibacteriales","Melioribacteraceae","IheB3-7",NA,NA
"ASV205","Bacteria","Bacteroidetes","Bacteroidia","Flavobacteriales","Flavobacteriaceae","Ichthyenterobacterium",NA,NA
"ASV208","Bacteria","Actinobacteria","Acidimicrobiia","Actinomarinales","uncultured","uncultured_sediment_bacterium",NA,NA
"ASV210","Bacteria","Patescibacteria","Gracilibacteria","uncultured_bacterium","uncultured_bacterium","uncultured_bacterium",NA,NA
"ASV212","Bacteria","Proteobacteria","Alphaproteobacteria","Rhodobacterales","Rhodobacteraceae","uncultured",NA,NA
"ASV217","Bacteria","Proteobacteria","Gammaproteobacteria","Oceanospirillales","Nitrincolaceae","Amphritea",NA,NA
"ASV219","Bacteria","Bacteroidetes","Bacteroidia","Flavobacteriales","Flavobacteriaceae","Kordia",NA,NA
"ASV222","Bacteria","Proteobacteria","Gammaproteobacteria","Cellvibrionales","Spongiibacteraceae","uncultured",NA,NA
"ASV224","Bacteria","Proteobacteria","Gammaproteobacteria","Cardiobacteriales","Cardiobacteriaceae","uncultured",NA,NA
"ASV226","Bacteria","Proteobacteria","Alphaproteobacteria","Acetobacterales","Acetobacteraceae","Acidiphilium",NA,NA
"ASV229","Bacteria","Actinobacteria","Acidimicrobiia","Microtrichales","Microtrichaceae","Sva0996_marine_group",NA,NA
"ASV231","Bacteria","Proteobacteria","Gammaproteobacteria","Cellvibrionales","Halieaceae","Halioglobus",NA,NA
"ASV234","Bacteria","Bacteroidetes","Bacteroidia","Flavobacteriales","Flavobacteriaceae","Lacinutrix",NA,NA
"ASV239","Bacteria","Epsilonbacteraeota","Campylobacteria","Campylobacterales","Sulfurospirillaceae","Sulfurospirillum",NA,NA
"ASV245","Bacteria","Proteobacteria","Deltaproteobacteria","Desulfobacterales","Desulfobulbaceae","Desulfotalea",NA,NA
"ASV246","Bacteria","Proteobacteria","Gammaproteobacteria","Arenicellales","Arenicellaceae","Arenicella",NA,NA
"ASV249","Bacteria","Proteobacteria","Gammaproteobacteria","Betaproteobacteriales","Methylophilaceae","OM43_clade",NA,NA
"ASV251","Bacteria","Proteobacteria","Gammaproteobacteria","Oceanospirillales","Halomonadaceae","Cobetia",NA,NA
"ASV257","Bacteria","Proteobacteria","Gammaproteobacteria","Oceanospirillales","Saccharospirillaceae","Oleispira",NA,NA
"ASV259","Bacteria","Proteobacteria","Alphaproteobacteria","Rhodobacterales","Rhodobacteraceae","Litoreibacter",NA,NA
"ASV260","Bacteria","Proteobacteria","Gammaproteobacteria","Cellvibrionales","Cellvibrionaceae","Candidatus_Endobugula",NA,NA
"ASV261","Bacteria","Proteobacteria","Alphaproteobacteria","Sphingomonadales","Sphingomonadaceae","Sphingorhabdus",NA,NA
"ASV275","Bacteria","Actinobacteria","Acidimicrobiia","Actinomarinales","uncultured","uncultured_actinobacterium",NA,NA
"ASV279","Bacteria","Bacteroidetes","Bacteroidia","Flavobacteriales","Crocinitomicaceae","Crocinitomix",NA,NA
"ASV281","Bacteria","Deinococcus-Thermus","Deinococci","Deinococcales","Trueperaceae","Truepera",NA,NA
"ASV282","Bacteria","Bacteroidetes","Bacteroidia","Chitinophagales","Saprospiraceae","Lewinella",NA,NA
"ASV283","Bacteria","Proteobacteria","Gammaproteobacteria","Steroidobacterales","Woeseiaceae","Woeseia",NA,NA
"ASV286","Bacteria","Proteobacteria","Gammaproteobacteria","Oceanospirillales","Endozoicomonadaceae","Endozoicomonas",NA,NA
"ASV289","Bacteria","Bacteroidetes","Bacteroidia","Bacteroidales","Marinilabiliaceae","Labilibacter",NA,NA
"ASV293","Bacteria","Bacteroidetes","Bacteroidia","Flavobacteriales","Flavobacteriaceae","Actibacter",NA,NA
"ASV302","Bacteria","Proteobacteria","Gammaproteobacteria","Pseudomonadales","Pseudomonadaceae","Pseudomonas",NA,NA
"ASV306","Bacteria","Bacteroidetes","Bacteroidia","Flavobacteriales","Flavobacteriaceae","Algitalea",NA,NA
"ASV322","Bacteria","Bacteroidetes","Bacteroidia","Flavobacteriales","Flavobacteriaceae","Dokdonia",NA,NA
"ASV326","Bacteria","Proteobacteria","Alphaproteobacteria","Rhizobiales","Rhizobiaceae","Pseudahrensia",NA,NA
"ASV329","Bacteria","Bacteroidetes","Bacteroidia","Flavobacteriales","Crocinitomicaceae","Fluviicola",NA,NA
"ASV330","Bacteria","Bacteroidetes","Bacteroidia","Bacteroidetes_VC2.1_Bac22","uncultured_sediment_bacterium","uncultured_sediment_bacterium",NA,NA
"ASV336","Bacteria","Acidobacteria","Thermoanaerobaculia","Thermoanaerobaculales","Thermoanaerobaculaceae","Subgroup_23",NA,NA
"ASV341","Bacteria","Proteobacteria","Alphaproteobacteria","Rickettsiales","Midichloriaceae","MD3-55",NA,NA
"ASV342","Bacteria","Bacteroidetes","Bacteroidia","Sphingobacteriales","KD3-93","uncultured_bacterium",NA,NA
"ASV343","Bacteria","Bacteroidetes","Bacteroidia","Flavobacteriales","Flavobacteriaceae","Zeaxanthinibacter",NA,NA
"ASV346","Bacteria","Proteobacteria","Gammaproteobacteria","Alteromonadales","Alteromonadaceae","Paraglaciecola",NA,NA
"ASV351","Bacteria","Chlamydiae","Chlamydiae","Chlamydiales","Simkaniaceae","Candidatus_Fritschea",NA,NA
"ASV352","Bacteria","Bacteroidetes","Bacteroidia","Flavobacteriales","Schleiferiaceae","Schleiferia",NA,NA
"ASV358","Bacteria","Proteobacteria","Gammaproteobacteria","Alteromonadales","Psychromonadaceae","Psychromonas",NA,NA
"ASV368","Bacteria","Proteobacteria","Gammaproteobacteria","Thiomicrospirales","Thiomicrospiraceae","endosymbionts",NA,NA
"ASV369","Bacteria","Proteobacteria","Alphaproteobacteria","Rhizobiales","Stappiaceae","Labrenzia",NA,NA
"ASV373","Bacteria","Proteobacteria","Gammaproteobacteria","Cellvibrionales","Cellvibrionaceae","uncultured",NA,NA
"ASV381","Bacteria","Proteobacteria","Deltaproteobacteria","Desulfobacterales","Desulfobulbaceae","Desulfobulbus",NA,NA
"ASV383","Bacteria","Bacteroidetes","Bacteroidia","Bacteroidales","SB-5","uncultured_bacterium",NA,NA
"ASV384","Bacteria","Proteobacteria","Gammaproteobacteria","Pseudomonadales","Moraxellaceae","Acinetobacter",NA,NA
"ASV386","Bacteria","Proteobacteria","Gammaproteobacteria","Arenicellales","Arenicellaceae","Perspicuibacter",NA,NA
"ASV392","Bacteria","Chloroflexi","Anaerolineae","Anaerolineales","Anaerolineaceae","uncultured",NA,NA
"ASV403","Bacteria","Proteobacteria","Gammaproteobacteria","AT-s2-59","uncultured_bacterium","uncultured_bacterium",NA,NA
"ASV406","Bacteria","Proteobacteria","Alphaproteobacteria","Rhodobacterales","Rhodobacteraceae","Silicimonas",NA,NA
"ASV408","Bacteria","Planctomycetes","Planctomycetacia","Pirellulales","Pirellulaceae","Blastopirellula",NA,NA
"ASV416","Bacteria","Proteobacteria","Gammaproteobacteria","Alteromonadales","Alteromonadaceae","Glaciecola",NA,NA
"ASV417","Bacteria","Proteobacteria","Gammaproteobacteria","Thiomicrospirales","Thioglobaceae","SUP05_cluster",NA,NA
"ASV420","Bacteria","Actinobacteria","Acidimicrobiia","Actinomarinales","uncultured","uncultured_bacterium",NA,NA
"ASV423","Bacteria","Planctomycetes","Planctomycetacia","Pirellulales","Pirellulaceae","Rubripirellula",NA,NA
"ASV425","Bacteria","Proteobacteria","Gammaproteobacteria","KI89A_clade","uncultured_bacterium","uncultured_bacterium",NA,NA
"ASV431","Bacteria","Proteobacteria","Gammaproteobacteria","Oceanospirillales","Pseudohongiellaceae","Pseudohongiella",NA,NA
"ASV433","Bacteria","Proteobacteria","Alphaproteobacteria","Rhizobiales","Rhizobiaceae","uncultured",NA,NA
"ASV439","Bacteria","Bacteroidetes","Bacteroidia","Flavobacteriales","Flavobacteriaceae","Lutibacter",NA,NA
"ASV445","Bacteria","Proteobacteria","Deltaproteobacteria","Desulfobacterales","Desulfobacteraceae","Desulfococcus",NA,NA
"ASV454","Bacteria","Bacteroidetes","Bacteroidia","Flavobacteriales","Flavobacteriaceae","Nonlabens",NA,NA
"ASV456","Bacteria","Bacteroidetes","Bacteroidia","Flavobacteriales","Flavobacteriaceae","Aquibacter",NA,NA
"ASV467","Bacteria","Bacteroidetes","Bacteroidia","Flavobacteriales","NS9_marine_group","uncultured_bacterium",NA,NA
"ASV468","Bacteria","Proteobacteria","Gammaproteobacteria","Cellvibrionales","Halieaceae","Congregibacter",NA,NA
"ASV470","Bacteria","Proteobacteria","Gammaproteobacteria","Oceanospirillales","Saccharospirillaceae","Reinekea",NA,NA
"ASV471","Bacteria","Proteobacteria","Alphaproteobacteria","Caulobacterales","Hyphomonadaceae","uncultured",NA,NA
"ASV474","Bacteria","Proteobacteria","Gammaproteobacteria","Alteromonadales","Alteromonadaceae","Alteromonas",NA,NA
"ASV476","Bacteria","Proteobacteria","Gammaproteobacteria","Thiotrichales","Thiotrichaceae","Thiothrix",NA,NA
"ASV480","Bacteria","Proteobacteria","Alphaproteobacteria","Caulobacterales","Hyphomonadaceae","Robiginitomaculum",NA,NA
"ASV493","Bacteria","Proteobacteria","Alphaproteobacteria","Rhizobiales","Rhizobiales_Incertae_Sedis","Anderseniella",NA,NA
"ASV495","Bacteria","Spirochaetes","Spirochaetia","Spirochaetales","Spirochaetaceae","Spirochaeta_2",NA,NA
"ASV511","Bacteria","Proteobacteria","Gammaproteobacteria","Cellvibrionales","Spongiibacteraceae","BD1-7_clade",NA,NA
"ASV515","Bacteria","Proteobacteria","Gammaproteobacteria","Thiohalorhabdales","Thiohalorhabdaceae","uncultured",NA,NA
"ASV527","Bacteria","Proteobacteria","Gammaproteobacteria","Cellvibrionales","Spongiibacteraceae","Dasania",NA,NA
"ASV530","Bacteria","Bacteroidetes","Bacteroidia","Cytophagales","Spirosomaceae","Taeseokella",NA,NA
"ASV548","Bacteria","Proteobacteria","Alphaproteobacteria","Rhodobacterales","Rhodobacteraceae","Xuhuaishuia",NA,NA
"ASV555","Bacteria","Bacteroidetes","Bacteroidia","Flavobacteriales","Flavobacteriaceae","Flavirhabdus",NA,NA
"ASV559","Bacteria","Proteobacteria","Alphaproteobacteria","SAR11_clade","Clade_II","uncultured_bacterium",NA,NA
"ASV562","Bacteria","Proteobacteria","Alphaproteobacteria","Rhodobacterales","Rhodobacteraceae","Tateyamaria",NA,NA
"ASV570","Bacteria","Proteobacteria","Deltaproteobacteria","Bdellovibrionales","Bdellovibrionaceae","OM27_clade",NA,NA
"ASV573","Bacteria","Proteobacteria","Alphaproteobacteria","Caulobacterales","Hyphomonadaceae","Fretibacter",NA,NA
"ASV580","Bacteria","Bacteroidetes","Bacteroidia","Flavobacteriales","Flavobacteriaceae","Pibocella",NA,NA
"ASV590","Bacteria","Proteobacteria","Gammaproteobacteria","B2M28","uncultured_marine_bacterium","uncultured_marine_bacterium",NA,NA
"ASV603","Bacteria","Proteobacteria","Alphaproteobacteria","Rhizobiales","Rhizobiaceae","Lentilitoribacter",NA,NA
"ASV604","Bacteria","Proteobacteria","Gammaproteobacteria","Ectothiorhodospirales","Ectothiorhodospiraceae","Thiogranum",NA,NA
"ASV609","Bacteria","Proteobacteria","Alphaproteobacteria","Rhodobacterales","Rhodobacteraceae","Pseudooctadecabacter",NA,NA
"ASV619","Bacteria","Cyanobacteria","Oxyphotobacteria","Nostocales","Xenococcaceae","Pleurocapsa_PCC-7319",NA,NA
"ASV623","Bacteria","Proteobacteria","Alphaproteobacteria","Rhodobacterales","Rhodobacteraceae","Tropicibacter",NA,NA
"ASV625","Bacteria","Bacteroidetes","Bacteroidia","Flavobacteriales","Flavobacteriaceae","NS2b_marine_group",NA,NA
"ASV630","Bacteria","Bacteroidetes","Bacteroidia","Flavobacteriales","Flavobacteriaceae","Aquimarina",NA,NA
"ASV635","Bacteria","Bacteroidetes","Bacteroidia","Flavobacteriales","Crocinitomicaceae","uncultured",NA,NA
"ASV640","Bacteria","Cyanobacteria","Oxyphotobacteria","Phormidesmiales","Phormidesmiaceae","Phormidesmis_ANT.LACV5.1",NA,NA
"ASV646","Bacteria","Verrucomicrobia","Verrucomicrobiae","Verrucomicrobiales","Rubritaleaceae","Haloferula",NA,NA
"ASV648","Bacteria","Proteobacteria","Alphaproteobacteria","Rhodobacterales","Rhodobacteraceae","Pseudooceanicola",NA,NA
"ASV656","Bacteria","Proteobacteria","Deltaproteobacteria","Desulfuromonadales","Desulfuromonadaceae","Desulfuromusa",NA,NA
"ASV660","Bacteria","Proteobacteria","Alphaproteobacteria","Puniceispirillales","SAR116_clade","uncultured_marine_bacterium",NA,NA
"ASV661","Bacteria","Latescibacteria","uncultured_sediment_bacterium","uncultured_sediment_bacterium","uncultured_sediment_bacterium","uncultured_sediment_bacterium",NA,NA
"ASV663","Bacteria","Planctomycetes","Planctomycetacia","Planctomycetales","Rubinisphaeraceae","uncultured",NA,NA
"ASV668","Bacteria","Proteobacteria","Gammaproteobacteria","uncultured","uncultured_bacterium","uncultured_bacterium",NA,NA
"ASV671","Bacteria","Proteobacteria","Deltaproteobacteria","NB1-j","uncultured_bacterium","uncultured_bacterium",NA,NA
"ASV674","Bacteria","Acidobacteria","Aminicenantia","Aminicenantales","uncultured_Aminicenantes_bacterium","uncultured_Aminicenantes_bacterium",NA,NA
"ASV678","Bacteria","Proteobacteria","Gammaproteobacteria","SAR86_clade","uncultured_bacterium","uncultured_bacterium",NA,NA
"ASV679","Bacteria","Proteobacteria","Alphaproteobacteria","Rhizobiales","Methyloligellaceae","Methyloceanibacter",NA,NA
"ASV680","Bacteria","Bacteroidetes","Bacteroidia","Chitinophagales","Saprospiraceae","Portibacter",NA,NA
"ASV683","Bacteria","Bacteroidetes","Bacteroidia","Chitinophagales","Chitinophagaceae","Taibaiella",NA,NA
"ASV687","Bacteria","Proteobacteria","Gammaproteobacteria","B2M28","uncultured_bacterium","uncultured_bacterium",NA,NA
"ASV690","Bacteria","Verrucomicrobia","Verrucomicrobiae","Verrucomicrobiales","Rubritaleaceae","Rubritalea",NA,NA
"ASV704","Bacteria","Proteobacteria","Gammaproteobacteria","Cellvibrionales","Spongiibacteraceae","uncultured_bacterium",NA,NA
"ASV717","Bacteria","Proteobacteria","Deltaproteobacteria","Desulfobacterales","Desulfobulbaceae","[Desulfobacterium]_catecholicum_group",NA,NA
"ASV720","Archaea","Euryarchaeota","Thermoplasmata","Marine_Group_II","marine_metagenome","marine_metagenome",NA,NA
"ASV726","Bacteria","Proteobacteria","Gammaproteobacteria","Alteromonadales","Shewanellaceae","Psychrobium",NA,NA
"ASV737","Bacteria","Calditrichaeota","Calditrichia","Calditrichales","Calditrichaceae","uncultured_bacterium",NA,NA
"ASV750","Bacteria","Proteobacteria","Gammaproteobacteria","Milano-WF1B-44","uncultured_bacterium","uncultured_bacterium",NA,NA
"ASV760","Bacteria","Proteobacteria","Alphaproteobacteria","Micavibrionales","uncultured","uncultured_bacterium",NA,NA
"ASV765","Bacteria","Proteobacteria","Gammaproteobacteria","Gammaproteobacteria_Incertae_Sedis","Unknown_Family","Marinicella",NA,NA
"ASV775","Bacteria","Proteobacteria","Gammaproteobacteria","UBA10353_marine_group","uncultured_bacterium","uncultured_bacterium",NA,NA
"ASV777","Bacteria","Bacteroidetes","Bacteroidia","Flavobacteriales","NS7_marine_group","uncultured_bacterium",NA,NA
"ASV786","Bacteria","Bacteroidetes","Bacteroidia","Flavobacteriales","Flavobacteriaceae","Pseudofulvibacter",NA,NA
"ASV790","Bacteria","Proteobacteria","Gammaproteobacteria","Alteromonadales","Alteromonadaceae","Rheinheimera",NA,NA
"ASV799","Bacteria","Proteobacteria","Gammaproteobacteria","Vibrionales","Vibrionaceae","Photobacterium",NA,NA
"ASV805","Bacteria","Planctomycetes","Planctomycetacia","Pirellulales","Pirellulaceae","uncultured",NA,NA
"ASV817","Bacteria","Proteobacteria","Alphaproteobacteria","Rhodobacterales","Rhodobacteraceae","Tropicimonas",NA,NA
"ASV830","Bacteria","Bacteroidetes","Bacteroidia","Flavobacteriales","Flavobacteriaceae","Meridianimaribacter",NA,NA
"ASV848","Bacteria","Proteobacteria","Alphaproteobacteria","Rhodobacterales","Rhodobacteraceae","Octadecabacter",NA,NA
"ASV854","Bacteria","Proteobacteria","Gammaproteobacteria","Oceanospirillales","Nitrincolaceae","uncultured",NA,NA
"ASV857","Bacteria","Chloroflexi","Anaerolineae","Anaerolineales","Anaerolineaceae","Thermomarinilinea",NA,NA
"ASV858","Bacteria","Proteobacteria","Deltaproteobacteria","Sva0485","uncultured_delta_proteobacterium","uncultured_delta_proteobacterium",NA,NA
"ASV862","Bacteria","Proteobacteria","Gammaproteobacteria","Chromatiales","Sedimenticolaceae","uncultured",NA,NA
"ASV866","Bacteria","Proteobacteria","Alphaproteobacteria","Rhodobacterales","Rhodobacteraceae","Halocynthiibacter",NA,NA
"ASV874","Bacteria","Proteobacteria","Alphaproteobacteria","Rhodobacterales","Rhodobacteraceae","Ketogulonicigenium",NA,NA
"ASV877","Bacteria","Bacteroidetes","Bacteroidia","Flavobacteriales","Flavobacteriaceae","Postechiella",NA,NA
"ASV881","Bacteria","Proteobacteria","Gammaproteobacteria","Gammaproteobacteria_Incertae_Sedis","Unknown_Family","uncultured",NA,NA
"ASV888","Bacteria","Planctomycetes","Planctomycetacia","Pirellulales","Pirellulaceae","Pir4_lineage",NA,NA
"ASV891","Bacteria","Proteobacteria","Gammaproteobacteria","Tenderiales","Tenderiaceae","Candidatus_Tenderia",NA,NA
"ASV902","Bacteria","Bacteroidetes","Bacteroidia","Flavobacteriales","Flavobacteriaceae","Wenyingzhuangia",NA,NA
"ASV906","Bacteria","Planctomycetes","Planctomycetacia","Pirellulales","Pirellulaceae","Rhodopirellula",NA,NA
"ASV909","Bacteria","Planctomycetes","Phycisphaerae","Phycisphaerales","Phycisphaeraceae","CL500-3",NA,NA
"ASV913","Bacteria","Firmicutes","Clostridia","Clostridiales","Ruminococcaceae","uncultured",NA,NA
"ASV930","Bacteria","Proteobacteria","Deltaproteobacteria","Desulfovibrionales","Desulfovibrionaceae","Desulfovibrio",NA,NA
"ASV940","Bacteria","Actinobacteria","Thermoleophilia","Solirubrobacterales","67-14","uncultured_bacterium",NA,NA
"ASV941","Bacteria","Proteobacteria","Gammaproteobacteria","Cellvibrionales","Cellvibrionaceae","Eionea",NA,NA
"ASV944","Bacteria","Proteobacteria","Deltaproteobacteria","Desulfobacterales","Desulfobulbaceae","SEEP-SRB4",NA,NA
"ASV945","Bacteria","Proteobacteria","Deltaproteobacteria","Myxococcales","Nannocystaceae","Nannocystis",NA,NA
"ASV953","Bacteria","Bacteroidetes","Bacteroidia","Bacteroidales","Prolixibacteraceae","Draconibacterium",NA,NA
"ASV954","Bacteria","Proteobacteria","Gammaproteobacteria","Oceanospirillales","Saccharospirillaceae","Spongiispira",NA,NA
"ASV959","Bacteria","Proteobacteria","Gammaproteobacteria","Chromatiales","Chromatiaceae","Candidatus_Thiobios",NA,NA
"ASV965","Bacteria","Proteobacteria","Gammaproteobacteria","Alteromonadales","Alteromonadaceae","uncultured",NA,NA
"ASV967","Bacteria","Proteobacteria","Alphaproteobacteria","Rhodobacterales","Rhodobacteraceae","Jannaschia",NA,NA
"ASV971","Bacteria","Bacteroidetes","Bacteroidia","Chitinophagales","uncultured","uncultured_bacterium",NA,NA
"ASV973","Bacteria","Verrucomicrobia","Verrucomicrobiae","Verrucomicrobiales","DEV007","uncultured_Verrucomicrobium_sp.",NA,NA
"ASV989","Bacteria","Patescibacteria","Gracilibacteria","JGI_0000069-P22","uncultured_bacterium","uncultured_bacterium",NA,NA
"ASV991","Bacteria","Proteobacteria","Alphaproteobacteria","Sphingomonadales","Sphingomonadaceae","Erythrobacter",NA,NA
"ASV996","Bacteria","Aegiribacteria","uncultured_bacterium","uncultured_bacterium","uncultured_bacterium","uncultured_bacterium",NA,NA
"ASV1012","Bacteria","Firmicutes","Clostridia","Clostridiales","Family_XII","Fusibacter",NA,NA
"ASV1016","Bacteria","Patescibacteria","Gracilibacteria","Absconditabacteriales_(SR1)","uncultured_bacterium","uncultured_bacterium",NA,NA
"ASV1017","Bacteria","Proteobacteria","Alphaproteobacteria","Parvibaculales","PS1_clade","uncultured_bacterium",NA,NA
"ASV1018","Bacteria","Patescibacteria","Parcubacteria","Candidatus_Campbellbacteria","uncultured_bacterium","uncultured_bacterium",NA,NA
"ASV1022","Bacteria","Proteobacteria","Gammaproteobacteria","Alteromonadales","Colwelliaceae","Thalassotalea",NA,NA
"ASV1023","Bacteria","Bacteroidetes","Bacteroidia","Cytophagales","Cyclobacteriaceae","Fulvivirga",NA,NA
"ASV1025","Bacteria","Bacteroidetes","Bacteroidia","Cytophagales","Cyclobacteriaceae","uncultured",NA,NA
"ASV1033","Bacteria","Planctomycetes","BD7-11","uncultured_bacterium","uncultured_bacterium","uncultured_bacterium",NA,NA
"ASV1036","Bacteria","Fusobacteria","Fusobacteriia","Fusobacteriales","Leptotrichiaceae","Hypnocyclicus",NA,NA
"ASV1043","Bacteria","Bacteroidetes","Bacteroidia","Bacteroidales","Marinilabiliaceae","uncultured",NA,NA
"ASV1063","Bacteria","Bacteroidetes","Bacteroidia","Bacteroidales","Prolixibacteraceae","uncultured",NA,NA
"ASV1064","Bacteria","Proteobacteria","Gammaproteobacteria","Arenicellales","Arenicellaceae","Candidatus_Thiosymbion",NA,NA
"ASV1068","Bacteria","Proteobacteria","Gammaproteobacteria","KI89A_clade","marine_gamma_proteobacterium_HTCC2089","marine_gamma_proteobacterium_HTCC2089",NA,NA
"ASV1070","Bacteria","Actinobacteria","Actinobacteria","PeM15","uncultured_soil_bacterium","uncultured_soil_bacterium",NA,NA
"ASV1071","Bacteria","Bacteroidetes","Bacteroidia","Flavobacteriales","Flavobacteriaceae","Aurantivirga",NA,NA
"ASV1072","Bacteria","Proteobacteria","Alphaproteobacteria","Rhodobacterales","Rhodobacteraceae","Roseovarius",NA,NA
"ASV1074","Bacteria","Proteobacteria","Deltaproteobacteria","Bdellovibrionales","Bacteriovoracaceae","Peredibacter",NA,NA
"ASV1077","Bacteria","Bacteroidetes","Bacteroidia","Flavobacteriales","Flavobacteriaceae","Psychroflexus",NA,NA
"ASV1083","Bacteria","Bacteroidetes","Bacteroidia","Flavobacteriales","Flavobacteriaceae","Croceitalea",NA,NA
"ASV1087","Bacteria","Proteobacteria","Gammaproteobacteria","AT-s2-59","uncultured_sediment_bacterium","uncultured_sediment_bacterium",NA,NA
"ASV1092","Bacteria","Proteobacteria","Gammaproteobacteria","Thiotrichales","Thiotrichaceae","uncultured",NA,NA
"ASV1102","Bacteria","Proteobacteria","Gammaproteobacteria","Cellvibrionales","Cellvibrionaceae","Teredinibacter",NA,NA
"ASV1111","Bacteria","Proteobacteria","Gammaproteobacteria","Oceanospirillales","Halomonadaceae","Halomonas",NA,NA
"ASV1114","Bacteria","Bacteroidetes","Bacteroidia","Bacteroidales","SB-5","uncultured_sediment_bacterium",NA,NA
"ASV1119","Bacteria","Proteobacteria","Alphaproteobacteria","Rhizobiales","Hyphomicrobiaceae","Filomicrobium",NA,NA
"ASV1128","Bacteria","Proteobacteria","Gammaproteobacteria","Xanthomonadales","Xanthomonadaceae","Stenotrophomonas",NA,NA
"ASV1142","Bacteria","Bacteroidetes","Bacteroidia","Flavobacteriales","Flavobacteriaceae","Leeuwenhoekiella",NA,NA
"ASV1144","Bacteria","Firmicutes","Bacilli","Bacillales","Staphylococcaceae","Staphylococcus",NA,NA
"ASV1147","Bacteria","Bacteroidetes","Bacteroidia","Flavobacteriales","Flavobacteriaceae","Algibacter",NA,NA
"ASV1149","Bacteria","Bacteroidetes","Bacteroidia","Flavobacteriales","Cryomorphaceae","Cryomorpha",NA,NA
"ASV1158","Bacteria","Proteobacteria","Gammaproteobacteria","UBA10353_marine_group","uncultured_marine_bacterium","uncultured_marine_bacterium",NA,NA
"ASV1164","Bacteria","Verrucomicrobia","Verrucomicrobiae","LD1-PB3","uncultured_rumen_bacterium","uncultured_rumen_bacterium",NA,NA
"ASV1199","Bacteria","Gemmatimonadetes","BD2-11_terrestrial_group","uncultured_bacterium","uncultured_bacterium","uncultured_bacterium",NA,NA
"ASV1200","Bacteria","Proteobacteria","Gammaproteobacteria","Betaproteobacteriales","Burkholderiaceae","Acidovorax",NA,NA
"ASV1207","Bacteria","Proteobacteria","Gammaproteobacteria","UBA10353_marine_group","uncultured_gamma_proteobacterium","uncultured_gamma_proteobacterium",NA,NA
"ASV1214","Bacteria","Proteobacteria","Alphaproteobacteria","Rhodospirillales","AEGEAN-169_marine_group","uncultured_bacterium",NA,NA
"ASV1223","Bacteria","Proteobacteria","Alphaproteobacteria","Sphingomonadales","Sphingomonadaceae","Porphyrobacter",NA,NA
"ASV1225","Bacteria","Proteobacteria","Gammaproteobacteria","OM182_clade","uncultured_bacterium","uncultured_bacterium",NA,NA
"ASV1229","Bacteria","Modulibacteria","Moduliflexia","Moduliflexales","Moduliflexaceae","uncultured_bacterium",NA,NA
"ASV1246","Bacteria","Proteobacteria","Alphaproteobacteria","Rhodobacterales","Rhodobacteraceae","Paracoccus",NA,NA
"ASV1254","Bacteria","Proteobacteria","Deltaproteobacteria","Bradymonadales","uncultured_delta_proteobacterium","uncultured_delta_proteobacterium",NA,NA
"ASV1256","Bacteria","Proteobacteria","Alphaproteobacteria","Rhodobacterales","Rhodobacteraceae","Aliiroseovarius",NA,NA
"ASV1259","Bacteria","Firmicutes","Clostridia","Clostridiales","Ruminococcaceae","Ruminiclostridium",NA,NA
"ASV1328","Bacteria","Acidobacteria","Subgroup_22","uncultured_delta_proteobacterium","uncultured_delta_proteobacterium","uncultured_delta_proteobacterium",NA,NA
"ASV1330","Bacteria","Actinobacteria","Actinobacteria","PeM15","uncultured_Actinomycetales_bacterium","uncultured_Actinomycetales_bacterium",NA,NA
"ASV1335","Bacteria","Proteobacteria","Alphaproteobacteria","Micavibrionales","Micavibrionaceae","uncultured",NA,NA
"ASV1358","Bacteria","Planctomycetes","OM190","unidentified_planctomycete","unidentified_planctomycete","unidentified_planctomycete",NA,NA
"ASV1372","Bacteria","Bacteroidetes","Bacteroidia","Cytophagales","Amoebophilaceae","Candidatus_Cardinium",NA,NA
"ASV1378","Bacteria","Bacteroidetes","Bacteroidia","Sphingobacteriales","Lentimicrobiaceae","uncultured_bacterium",NA,NA
"ASV1380","Bacteria","Cloacimonetes","Cloacimonadia","Cloacimonadales","MSBL8","uncultured_bacterium",NA,NA
"ASV1394","Bacteria","Proteobacteria","Deltaproteobacteria","Oligoflexales","Oligoflexaceae","uncultured",NA,NA
"ASV1397","Bacteria","Bacteroidetes","Bacteroidia","Cytophagales","Cyclobacteriaceae","Algoriphagus",NA,NA
"ASV1405","Bacteria","Proteobacteria","Alphaproteobacteria","Parvibaculales","OCS116_clade","uncultured_marine_bacterium",NA,NA
"ASV1418","Bacteria","Proteobacteria","Deltaproteobacteria","Myxococcales","Haliangiaceae","Haliangium",NA,NA
"ASV1426","Bacteria","Proteobacteria","Gammaproteobacteria","Alteromonadales","Moritellaceae","Moritella",NA,NA
"ASV1440","Bacteria","Proteobacteria","Alphaproteobacteria","Rhizobiales","Devosiaceae","Devosia",NA,NA
"ASV1447","Bacteria","Proteobacteria","Gammaproteobacteria","Arenicellales","Arenicellaceae","uncultured",NA,NA
"ASV1450","Bacteria","Bacteroidetes","Bacteroidia","Flavobacteriales","Flavobacteriaceae","Flavobacterium",NA,NA
"ASV1452","Bacteria","Proteobacteria","Alphaproteobacteria","Caulobacterales","Hyphomonadaceae","Hirschia",NA,NA
"ASV1461","Bacteria","Bacteroidetes","Bacteroidia","Bacteroidales","Prolixibacteraceae","Roseimarinus",NA,NA
"ASV1466","Bacteria","Bacteroidetes","Bacteroidia","Flavobacteriales","Flavobacteriaceae","Gillisia",NA,NA
"ASV1483","Bacteria","Proteobacteria","Gammaproteobacteria","Francisellales","Francisellaceae","Francisella",NA,NA
"ASV1487","Bacteria","Gemmatimonadetes","PAUC43f_marine_benthic_group","uncultured_bacterium","uncultured_bacterium","uncultured_bacterium",NA,NA
"ASV1503","Bacteria","Proteobacteria","Alphaproteobacteria","uncultured","uncultured_bacterium","uncultured_bacterium",NA,NA
"ASV1510","Bacteria","Bacteroidetes","Bacteroidia","Bacteroidetes_VC2.1_Bac22","uncultured_bacterium","uncultured_bacterium",NA,NA
"ASV1539","Bacteria","Verrucomicrobia","Verrucomicrobiae","Verrucomicrobiales","Rubritaleaceae","Luteolibacter",NA,NA
"ASV1548","Bacteria","Proteobacteria","Alphaproteobacteria","Tistrellales","Geminicoccaceae","Candidatus_Alysiosphaera",NA,NA
"ASV1562","Bacteria","Actinobacteria","Acidimicrobiia","Microtrichales","Microtrichaceae","IMCC26207",NA,NA
"ASV1569","Bacteria","Bacteroidetes","Bacteroidia","Flavobacteriales","NS9_marine_group","uncultured_soil_bacterium",NA,NA
"ASV1574","Bacteria","Proteobacteria","Deltaproteobacteria","NB1-j","uncultured_Acidobacteria_bacterium","uncultured_Acidobacteria_bacterium",NA,NA
"ASV1575","Bacteria","Proteobacteria","Alphaproteobacteria","Rhodobacterales","Rhodobacteraceae","Roseobacter_clade_NAC11-7_lineage",NA,NA
"ASV1577","Bacteria","Proteobacteria","Gammaproteobacteria","Cellvibrionales","Cellvibrionaceae","Marinagarivorans",NA,NA
"ASV1590","Bacteria","Proteobacteria","Alphaproteobacteria","Puniceispirillales","SAR116_clade","uncultured_alpha_proteobacterium",NA,NA
"ASV1607","Bacteria","Bacteroidetes","Bacteroidia","Flavobacteriales","NS9_marine_group","uncultured_marine_bacterium",NA,NA
"ASV1619","Bacteria","Bacteroidetes","Bacteroidia","Flavobacteriales","Cryomorphaceae","Owenweeksia",NA,NA
"ASV1631","Bacteria","Verrucomicrobia","Verrucomicrobiae","Verrucomicrobiales","DEV007","uncultured_marine_bacterium",NA,NA
"ASV1639","Bacteria","Proteobacteria","Alphaproteobacteria","Rhodospirillales","Terasakiellaceae","Aestuariispira",NA,NA
"ASV1647","Bacteria","Proteobacteria","Gammaproteobacteria","Vibrionales","Vibrionaceae","Enterovibrio",NA,NA
"ASV1650","Bacteria","Proteobacteria","Alphaproteobacteria","Rhodobacterales","Rhodobacteraceae","Roseobacter_clade_CHAB-I-5_lineage",NA,NA
"ASV1668","Bacteria","Acidobacteria","Subgroup_17","uncultured_bacterium","uncultured_bacterium","uncultured_bacterium",NA,NA
"ASV1673","Bacteria","Proteobacteria","Gammaproteobacteria","Betaproteobacteriales","Burkholderiaceae","RS62_marine_group",NA,NA
"ASV1677","Bacteria","Marinimicrobia_(SAR406_clade)","uncultured_bacterium","uncultured_bacterium","uncultured_bacterium","uncultured_bacterium",NA,NA
"ASV1689","Bacteria","Bacteroidetes","Bacteroidia","Flavobacteriales","Flavobacteriaceae","Polaribacter_1",NA,NA
"ASV1700","Bacteria","Actinobacteria","Thermoleophilia","Gaiellales","uncultured","uncultured_bacterium",NA,NA
"ASV1702","Bacteria","Acidobacteria","Subgroup_21","uncultured_Acidobacteria_bacterium","uncultured_Acidobacteria_bacterium","uncultured_Acidobacteria_bacterium",NA,NA
"ASV1708","Bacteria","Firmicutes","Clostridia","Clostridiales","Christensenellaceae","uncultured",NA,NA
"ASV1729","Bacteria","Proteobacteria","Alphaproteobacteria","Caulobacterales","Hyphomonadaceae","Hyphomonas",NA,NA
"ASV1765","Bacteria","Bacteroidetes","Bacteroidia","Flavobacteriales","Flavobacteriaceae","Maritimimonas",NA,NA
"ASV1790","Bacteria","Verrucomicrobia","Verrucomicrobiae","Opitutales","Puniceicoccaceae","Pelagicoccus",NA,NA
"ASV1794","Bacteria","Proteobacteria","Deltaproteobacteria","Desulfarculales","Desulfarculaceae","Desulfatiglans",NA,NA
"ASV1795","Bacteria","Proteobacteria","Alphaproteobacteria","Rhodospirillales","Thalassospiraceae","Thalassospira",NA,NA
"ASV1798","Bacteria","Kiritimatiellaeota","Kiritimatiellae","Kiritimatiellales","Kiritimatiellaceae","R76-B128",NA,NA
"ASV1800","Bacteria","Proteobacteria","Gammaproteobacteria","Alteromonadales","Pseudoalteromonadaceae","Psychrosphaera",NA,NA
"ASV1816","Bacteria","Bacteroidetes","Bacteroidia","Flavobacteriales","Flavobacteriaceae","Spongiimicrobium",NA,NA
"ASV1819","Bacteria","Planctomycetes","Phycisphaerae","Phycisphaerales","Phycisphaeraceae","Urania-1B-19_marine_sediment_group",NA,NA
"ASV1849","Bacteria","Bacteroidetes","Bacteroidia","Flavobacteriales","Flavobacteriaceae","Robiginitalea",NA,NA
"ASV1861","Bacteria","Proteobacteria","Alphaproteobacteria","Caulobacterales","Hyphomonadaceae","Ponticaulis",NA,NA
"ASV1870","Bacteria","Proteobacteria","Gammaproteobacteria","Oceanospirillales","Alcanivoracaceae","Alcanivorax",NA,NA
"ASV1879","Bacteria","Planctomycetes","Planctomycetacia","Planctomycetales","Gimesiaceae","uncultured",NA,NA
"ASV1918","Bacteria","Proteobacteria","Deltaproteobacteria","Desulfobacterales","Desulfobacteraceae","SEEP-SRB1",NA,NA
"ASV1925","Bacteria","Chloroflexi","KD4-96","uncultured_bacterium","uncultured_bacterium","uncultured_bacterium",NA,NA
"ASV1963","Bacteria","Proteobacteria","Alphaproteobacteria","Sphingomonadales","Sphingomonadaceae","Sphingomonas",NA,NA
"ASV1964","Bacteria","Proteobacteria","Deltaproteobacteria","Syntrophobacterales","Syntrophobacteraceae","uncultured",NA,NA
"ASV1966","Bacteria","Bacteroidetes","Bacteroidia","Cytophagales","Cyclobacteriaceae","Reichenbachiella",NA,NA
"ASV1967","Bacteria","Proteobacteria","Gammaproteobacteria","Oceanospirillales","Saccharospirillaceae","Oleibacter",NA,NA
"ASV1988","Bacteria","Bacteroidetes","Bacteroidia","Bacteroidales","Bacteroidetes_BD2-2","uncultured_soil_bacterium",NA,NA
"ASV1989","Bacteria","Verrucomicrobia","Verrucomicrobiae","Opitutales","Opitutaceae","Diplosphaera",NA,NA
"ASV1999","Bacteria","Planctomycetes","Planctomycetacia","Pirellulales","Pirellulaceae","Bythopirellula",NA,NA
"ASV2000","Archaea","Nanoarchaeaeota","Woesearchaeia","unidentified_archaeon","unidentified_archaeon","unidentified_archaeon",NA,NA
"ASV2015","Bacteria","Latescibacteria","uncultured_bacterium","uncultured_bacterium","uncultured_bacterium","uncultured_bacterium",NA,NA
"ASV2022","Bacteria","Proteobacteria","Gammaproteobacteria","Alteromonadales","Pseudoalteromonadaceae","uncultured",NA,NA
"ASV2041","Bacteria","Proteobacteria","Alphaproteobacteria","Puniceispirillales","uncultured","uncultured_bacterium",NA,NA
"ASV2045","Bacteria","Proteobacteria","Gammaproteobacteria","Alteromonadales","Psychromonadaceae","Agarivorans",NA,NA
"ASV2059","Bacteria","Proteobacteria","Deltaproteobacteria","Desulfobacterales","Desulfobacteraceae","Desulfatitalea",NA,NA
"ASV2062","Bacteria","Acidobacteria","Subgroup_9","uncultured_bacterium","uncultured_bacterium","uncultured_bacterium",NA,NA
"ASV2068","Bacteria","Dependentiae","Babeliae","Babeliales","uncultured_bacterium","uncultured_bacterium",NA,NA
"ASV2077","Bacteria","Bacteroidetes","Bacteroidia","Cytophagales","Cyclobacteriaceae","Ekhidna",NA,NA
"ASV2092","Bacteria","Proteobacteria","Deltaproteobacteria","Bdellovibrionales","Bacteriovoracaceae","Halobacteriovorax",NA,NA
"ASV2098","Bacteria","Bacteroidetes","Bacteroidia","Flavobacteriales","Flavobacteriaceae","Arcticiflavibacter",NA,NA
"ASV2119","Bacteria","Chloroflexi","Anaerolineae","uncultured","uncultured_bacterium","uncultured_bacterium",NA,NA
"ASV2132","Bacteria","Proteobacteria","Deltaproteobacteria","Bdellovibrionales","Bacteriovoracaceae","Bacteriovorax",NA,NA
"ASV2135","Bacteria","Cyanobacteria","Sericytochromatia","uncultured_soil_bacterium","uncultured_soil_bacterium","uncultured_soil_bacterium",NA,NA
"ASV2137","Bacteria","Proteobacteria","Gammaproteobacteria","OM182_clade","marine_gamma_proteobacterium_HTCC2180","marine_gamma_proteobacterium_HTCC2180",NA,NA
"ASV2143","Bacteria","Bacteroidetes","Bacteroidia","Cytophagales","Amoebophilaceae","Candidatus_Amoebophilus",NA,NA
"ASV2145","Archaea","Thaumarchaeota","Nitrososphaeria","Nitrosopumilales","Nitrosopumilaceae","Candidatus_Nitrosopumilus",NA,NA
"ASV2155","Bacteria","Proteobacteria","Alphaproteobacteria","Parvibaculales","uncultured","bacterium_DG948",NA,NA
"ASV2164","Bacteria","Kiritimatiellaeota","Kiritimatiellae","WCHB1-41","uncultured_Verrucomicrobia_bacterium","uncultured_Verrucomicrobia_bacterium",NA,NA
"ASV2196","Bacteria","Planctomycetes","OM190","uncultured_bacterium","uncultured_bacterium","uncultured_bacterium",NA,NA
"ASV2200","Bacteria","Bacteroidetes","Bacteroidia","Flavobacteriales","NS7_marine_group","uncultured_Flavobacteriia_bacterium",NA,NA
"ASV2201","Bacteria","Proteobacteria","Alphaproteobacteria","Caulobacterales","Hyphomonadaceae","Algimonas",NA,NA
"ASV2204","Bacteria","Bacteroidetes","Bacteroidia","Sphingobacteriales","NS11-12_marine_group","uncultured_Sphingobacteriia_bacterium",NA,NA
"ASV2205","Bacteria","Bacteroidetes","Bacteroidia","Cytophagales","Cyclobacteriaceae","Marinoscillum",NA,NA
"ASV2215","Bacteria","Aegiribacteria","uncultured_sediment_bacterium","uncultured_sediment_bacterium","uncultured_sediment_bacterium","uncultured_sediment_bacterium",NA,NA
"ASV2218","Bacteria","Proteobacteria","Alphaproteobacteria","Caulobacterales","Hyphomonadaceae","Maricaulis",NA,NA
"ASV2245","Bacteria","Proteobacteria","Deltaproteobacteria","Desulfuromonadales","Desulfuromonadaceae","Pelobacter",NA,NA
"ASV2247","Bacteria","Proteobacteria","Deltaproteobacteria","NB1-j","uncultured_delta_proteobacterium","uncultured_delta_proteobacterium",NA,NA
"ASV2249","Bacteria","Bacteroidetes","Bacteroidia","Bacteroidales","SB-5","uncultured_soil_bacterium",NA,NA
"ASV2269","Bacteria","Bacteroidetes","Bacteroidia","Cytophagales","Cyclobacteriaceae","Fabibacter",NA,NA
"ASV2273","Bacteria","Bacteroidetes","Bacteroidia","Sphingobacteriales","Lentimicrobiaceae","uncultured_Bacteroidetes_bacterium",NA,NA
"ASV2282","Bacteria","Proteobacteria","Alphaproteobacteria","Rhizobiales","Beijerinckiaceae","Methylobacterium",NA,NA
"ASV2325","Bacteria","Planctomycetes","Phycisphaerae","Phycisphaerales","Phycisphaeraceae","SM1A02",NA,NA
"ASV2326","Bacteria","Proteobacteria","Gammaproteobacteria","UBA10353_marine_group","uncultured_sediment_bacterium","uncultured_sediment_bacterium",NA,NA
"ASV2330","Bacteria","Proteobacteria","Gammaproteobacteria","Chromatiales","Chromatiaceae","Halochromatium",NA,NA
"ASV2341","Bacteria","Proteobacteria","Gammaproteobacteria","B2M28","uncultured_sediment_bacterium","uncultured_sediment_bacterium",NA,NA
"ASV2348","Bacteria","Proteobacteria","Deltaproteobacteria","Bdellovibrionales","Bdellovibrionaceae","Bdellovibrio",NA,NA
"ASV2358","Archaea","Asgardaeota","Lokiarchaeia","uncultured_archaeon","uncultured_archaeon","uncultured_archaeon",NA,NA
"ASV2365","Bacteria","Proteobacteria","Deltaproteobacteria","Desulfobacterales","Desulfobacteraceae","Desulfobacterium",NA,NA
"ASV2386","Bacteria","Chloroflexi","Anaerolineae","SJA-15","uncultured_soil_bacterium","uncultured_soil_bacterium",NA,NA
"ASV2406","Bacteria","Patescibacteria","Gracilibacteria","JGI_0000069-P22","unidentified_proteobacterium","unidentified_proteobacterium",NA,NA
"ASV2417","Bacteria","Proteobacteria","Alphaproteobacteria","Rhizobiales","Devosiaceae","uncultured",NA,NA
"ASV2435","Bacteria","Bacteroidetes","Bacteroidia","Flavobacteriales","Flavobacteriaceae","[Polaribacter]_huanghezhanensis",NA,NA
"ASV2442","Bacteria","Proteobacteria","Gammaproteobacteria","Betaproteobacteriales","Nitrosomonadaceae","Nitrosomonas",NA,NA
"ASV2450","Bacteria","Bacteroidetes","Bacteroidia","Flavobacteriales","Flavobacteriaceae","Polaribacter_4",NA,NA
"ASV2451","Bacteria","Actinobacteria","Actinobacteria","Corynebacteriales","Mycobacteriaceae","Mycobacterium",NA,NA
"ASV2475","Bacteria","Bacteroidetes","Bacteroidia","Flavobacteriales","Cryomorphaceae","NS10_marine_group",NA,NA
"ASV2482","Bacteria","Proteobacteria","Alphaproteobacteria","Caulobacterales","Parvularculaceae","Parvularcula",NA,NA
"ASV2493","Bacteria","Proteobacteria","Alphaproteobacteria","NRL2","Lutibaculum_sp.","Lutibaculum_sp.",NA,NA
"ASV2516","Bacteria","Bacteroidetes","Bacteroidia","Flavobacteriales","Weeksellaceae","Cloacibacterium",NA,NA
"ASV2517","Bacteria","Firmicutes","Bacilli","Lactobacillales","Streptococcaceae","Streptococcus",NA,NA
"ASV2522","Bacteria","Cyanobacteria","Oxyphotobacteria","uncultured","uncultured_cyanobacterium","uncultured_cyanobacterium",NA,NA
"ASV2534","Bacteria","Patescibacteria","Parcubacteria","Candidatus_Moranbacteria","uncultured_bacterium","uncultured_bacterium",NA,NA
"ASV2537","Bacteria","Proteobacteria","Alphaproteobacteria","Sphingomonadales","Sphingomonadaceae","Novosphingobium",NA,NA
"ASV2552","Bacteria","Bacteroidetes","Bacteroidia","Bacteroidales","Bacteroidetes_BD2-2","uncultured_sediment_bacterium",NA,NA
"ASV2565","Bacteria","Proteobacteria","Alphaproteobacteria","Sphingomonadales","Sphingomonadaceae","uncultured",NA,NA
"ASV2613","Bacteria","Proteobacteria","Gammaproteobacteria","BD7-8","uncultured_marine_bacterium","uncultured_marine_bacterium",NA,NA
"ASV2643","Bacteria","Acidobacteria","Blastocatellia_(Subgroup_4)","Blastocatellales","Blastocatellaceae","Blastocatella",NA,NA
"ASV2663","Bacteria","Proteobacteria","Deltaproteobacteria","PB19","uncultured_delta_proteobacterium","uncultured_delta_proteobacterium",NA,NA
"ASV2671","Bacteria","Proteobacteria","Gammaproteobacteria","Legionellales","Legionellaceae","Legionella",NA,NA
"ASV2674","Bacteria","Proteobacteria","Deltaproteobacteria","Bdellovibrionales","Bacteriovoracaceae","uncultured",NA,NA
"ASV2683","Bacteria","Proteobacteria","Alphaproteobacteria","SAR11_clade","Clade_IV","uncultured_bacterium",NA,NA
"ASV2689","Bacteria","Proteobacteria","Deltaproteobacteria","Desulfobacterales","Desulfobulbaceae","Desulfocapsa",NA,NA
"ASV2720","Bacteria","Proteobacteria","Gammaproteobacteria","Cellvibrionales","Porticoccaceae","C1-B045",NA,NA
"ASV2725","Bacteria","Latescibacteria","Latescibacteria","Latescibacterales","Latescibacteraceae","uncultured_marine_bacterium",NA,NA
"ASV2751","Bacteria","Bacteroidetes","Bacteroidia","Flavobacteriales","Crocinitomicaceae","Brumimicrobium",NA,NA
"ASV2755","Bacteria","Chloroflexi","Anaerolineae","Ardenticatenales","uncultured","uncultured_bacterium",NA,NA
"ASV2757","Bacteria","Proteobacteria","Alphaproteobacteria","Rhizobiales","Rhizobiaceae","Aquamicrobium",NA,NA
"ASV2762","Bacteria","Fusobacteria","Fusobacteriia","Fusobacteriales","Fusobacteriaceae","Psychrilyobacter",NA,NA
"ASV2772","Bacteria","Proteobacteria","Alphaproteobacteria","Rhizobiales","Devosiaceae","Maritalea",NA,NA
"ASV2774","Bacteria","Proteobacteria","Gammaproteobacteria","Pseudomonadales","Moraxellaceae","Paraperlucidibaca",NA,NA
"ASV2778","Bacteria","Proteobacteria","Gammaproteobacteria","Pasteurellales","Pasteurellaceae","uncultured",NA,NA
"ASV2782","Bacteria","Proteobacteria","Deltaproteobacteria","Sva0485","uncultured_sediment_bacterium","uncultured_sediment_bacterium",NA,NA
"ASV2791","Bacteria","Proteobacteria","Alphaproteobacteria","Rhodobacterales","Rhodobacteraceae","Celeribacter",NA,NA
"ASV2801","Bacteria","Proteobacteria","Alphaproteobacteria","Rhodovibrionales","Kiloniellaceae","uncultured",NA,NA
"ASV2820","Bacteria","Fibrobacteres","Fibrobacteria","Fibrobacterales","Fibrobacteraceae","uncultured",NA,NA
"ASV2822","Bacteria","Proteobacteria","Alphaproteobacteria","Caulobacterales","Caulobacteraceae","Caulobacter",NA,NA
"ASV2828","Bacteria","Bacteroidetes","Bacteroidia","Cytophagales","Amoebophilaceae","uncultured",NA,NA
"ASV2836","Bacteria","Proteobacteria","Deltaproteobacteria","Bradymonadales","uncultured_bacterium","uncultured_bacterium",NA,NA
"ASV2847","Bacteria","Proteobacteria","Gammaproteobacteria","Pseudomonadales","Moraxellaceae","Alkanindiges",NA,NA
"ASV2867","Bacteria","Proteobacteria","Gammaproteobacteria","Betaproteobacteriales","Nitrosomonadaceae","IS-44",NA,NA
"ASV2869","Bacteria","Proteobacteria","Alphaproteobacteria","Rhodobacterales","Rhodobacteraceae","Pseudophaeobacter",NA,NA
"ASV2874","Bacteria","Acidobacteria","Aminicenantia","Aminicenantales","uncultured_bacterium","uncultured_bacterium",NA,NA
"ASV2888","Bacteria","Proteobacteria","Alphaproteobacteria","Rhodobacterales","Rhodobacteraceae","Pelagicola",NA,NA
"ASV2894","Bacteria","Bacteroidetes","Bacteroidia","Bacteroidales","Bacteroidetes_BD2-2","uncultured_bacterium",NA,NA
"ASV2913","Bacteria","Proteobacteria","Gammaproteobacteria","Betaproteobacteriales","Burkholderiaceae","Burkholderia-Caballeronia-Paraburkholderia",NA,NA
"ASV2936","Bacteria","Verrucomicrobia","Verrucomicrobiae","Opitutales","Puniceicoccaceae","Lentimonas",NA,NA
"ASV2939","Bacteria","Proteobacteria","Gammaproteobacteria","Nitrosococcales","Methylophagaceae","Marine_Methylotrophic_Group_3",NA,NA
"ASV2952","Bacteria","Proteobacteria","Alphaproteobacteria","Rhodobacterales","Rhodobacteraceae","Pseudorhodobacter",NA,NA
"ASV2956","Bacteria","Bacteroidetes","Bacteroidia","Flavobacteriales","NS9_marine_group","uncultured_Flavobacteriia_bacterium",NA,NA
"ASV2992","Bacteria","Proteobacteria","Alphaproteobacteria","Rhodospirillales","Rhodopirillaceae","Defluviicoccus",NA,NA
"ASV2995","Bacteria","Proteobacteria","Gammaproteobacteria","Betaproteobacteriales","Burkholderiaceae","Massilia",NA,NA
"ASV3019","Bacteria","Proteobacteria","Alphaproteobacteria","Rhodobacterales","Rhodobacteraceae","Ponticoccus",NA,NA
"ASV3047","Bacteria","Proteobacteria","Deltaproteobacteria","Syntrophobacterales","Syntrophaceae","Desulfomonile",NA,NA
"ASV3056","Bacteria","Planctomycetes","Planctomycetacia","Pirellulales","Pirellulaceae","Pirellula",NA,NA
"ASV3057","Bacteria","Proteobacteria","Alphaproteobacteria","SAR11_clade","uncultured","uncultured_bacterium",NA,NA
"ASV3064","Bacteria","Proteobacteria","Alphaproteobacteria","Rhodobacterales","Rhodobacteraceae","Gemmobacter",NA,NA
"ASV3074","Bacteria","Bacteroidetes","Rhodothermia","Rhodothermales","Rhodothermaceae","uncultured",NA,NA
"ASV3077","Bacteria","Proteobacteria","Gammaproteobacteria","Alteromonadales","Colwelliaceae","Thalassomonas",NA,NA
"ASV3081","Bacteria","Spirochaetes","Spirochaetia","Spirochaetales","Spirochaetaceae","Sediminispirochaeta",NA,NA
"ASV3095","Bacteria","Proteobacteria","Gammaproteobacteria","Oceanospirillales","Halomonadaceae","Oceanospirillum",NA,NA
"ASV3099","Bacteria","Proteobacteria","Alphaproteobacteria","Rickettsiales","SM2D12","uncultured_bacterium",NA,NA
"ASV3114","Bacteria","Proteobacteria","Gammaproteobacteria","MBAE14","gamma_proteobacterium_IMCC2047","gamma_proteobacterium_IMCC2047",NA,NA
"ASV3134","Bacteria","Actinobacteria","Actinobacteria","Micrococcales","Micrococcaceae","Micrococcus",NA,NA
"ASV3154","Bacteria","Bacteroidetes","Bacteroidia","Bacteroidales","Prolixibacteraceae","Sunxiuqinia",NA,NA
"ASV3187","Bacteria","Planctomycetes","Phycisphaerae","Phycisphaerales","Phycisphaeraceae","uncultured_planctomycete",NA,NA
"ASV3198","Bacteria","Proteobacteria","Alphaproteobacteria","Rhodobacterales","Rhodobacteraceae","Puniceibacterium",NA,NA
"ASV3216","Bacteria","Bacteroidetes","Bacteroidia","Chitinophagales","Saprospiraceae","Membranicola",NA,NA
"ASV3217","Bacteria","Acidobacteria","Subgroup_26","uncultured_marine_bacterium","uncultured_marine_bacterium","uncultured_marine_bacterium",NA,NA
"ASV3220","Bacteria","Epsilonbacteraeota","Campylobacteria","Campylobacterales","Campylobacteraceae","Campylobacter",NA,NA
"ASV3233","Bacteria","Proteobacteria","Alphaproteobacteria","Rhodobacterales","Rhodobacteraceae","Roseobacter",NA,NA
"ASV3269","Bacteria","Actinobacteria","Actinobacteria","Corynebacteriales","Corynebacteriaceae","Corynebacterium_1",NA,NA
"ASV3271","Bacteria","Gemmatimonadetes","Gemmatimonadetes","Gemmatimonadales","Gemmatimonadaceae","uncultured",NA,NA
"ASV3275","Bacteria","Proteobacteria","Alphaproteobacteria","Rhizobiales","Rhizobiaceae","Hoeflea",NA,NA
"ASV3296","Bacteria","Proteobacteria","Alphaproteobacteria","Rhodobacterales","Rhodobacteraceae","Litorisediminicola",NA,NA
"ASV3321","Bacteria","Proteobacteria","Gammaproteobacteria","Methylococcales","Methylomonaceae","Methyloprofundus",NA,NA
"ASV3324","Archaea","Crenarchaeota","Bathyarchaeia","uncultured_crenarchaeote","uncultured_crenarchaeote","uncultured_crenarchaeote",NA,NA
"ASV3338","Bacteria","Bacteroidetes","Rhodothermia","Rhodothermales","Rhodothermaceae","Rubrivirga",NA,NA
"ASV3341","Bacteria","Proteobacteria","Deltaproteobacteria","Desulfobacterales","Desulfobacteraceae","uncultured",NA,NA
"ASV3356","Bacteria","Verrucomicrobia","Verrucomicrobiae","Opitutales","Puniceicoccaceae","Puniceicoccus",NA,NA
"ASV3361","Bacteria","Proteobacteria","Gammaproteobacteria","Betaproteobacteriales","Burkholderiaceae","Kerstersia",NA,NA
"ASV3368","Archaea","Nanoarchaeaeota","Woesearchaeia","uncultured_archaeon","uncultured_archaeon","uncultured_archaeon",NA,NA
"ASV3378","Bacteria","Proteobacteria","Deltaproteobacteria","RCP2-54","uncultured_bacterium","uncultured_bacterium",NA,NA
"ASV3384","Bacteria","Bacteroidetes","Ignavibacteria","SJA-28","uncultured_soil_bacterium","uncultured_soil_bacterium",NA,NA
"ASV3394","Bacteria","Chlamydiae","Chlamydiae","Chlamydiales","Simkaniaceae","Simkania",NA,NA
"ASV3395","Bacteria","Proteobacteria","Gammaproteobacteria","SAR86_clade","uncultured_marine_bacterium","uncultured_marine_bacterium",NA,NA
"ASV3447","Bacteria","Proteobacteria","Alphaproteobacteria","Rhodobacterales","Rhodobacteraceae","Pontivivens",NA,NA
"ASV3449","Bacteria","Bacteroidetes","Bacteroidia","Bacteroidales","Marinifilaceae","uncultured",NA,NA
"ASV3462","Bacteria","Chloroflexi","Anaerolineae","SBR1031","uncultured_Chloroflexi_bacterium","uncultured_Chloroflexi_bacterium",NA,NA
"ASV3467","Bacteria","Proteobacteria","Alphaproteobacteria","Rhizobiales","Xanthobacteraceae","Afipia",NA,NA
"ASV3488","Bacteria","Firmicutes","Bacilli","Bacillales","Alicyclobacillaceae","Tumebacillus",NA,NA
"ASV3505","Bacteria","Spirochaetes","Leptospirae","Leptospirales","Leptospiraceae","RBG-16-49-21",NA,NA
"ASV3510","Bacteria","Proteobacteria","Alphaproteobacteria","Kordiimonadales","Kordiimonadaceae","Kordiimonas",NA,NA
"ASV3532","Bacteria","Kiritimatiellaeota","Kiritimatiellae","Kiritimatiellales","Kiritimatiellaceae","MSBL3",NA,NA
"ASV3537","Bacteria","Proteobacteria","Alphaproteobacteria","Rhizobiales","Methyloligellaceae","uncultured",NA,NA
"ASV3540","Bacteria","Proteobacteria","Alphaproteobacteria","Sphingomonadales","Sphingomonadaceae","Sphingobium",NA,NA
"ASV3543","Bacteria","Tenericutes","Mollicutes","Mollicutes_RF39","uncultured_Mollicutes_bacterium","uncultured_Mollicutes_bacterium",NA,NA
"ASV3614","Bacteria","Acidobacteria","Holophagae","Acanthopleuribacterales","Acanthopleuribacteraceae","Acanthopleuribacter",NA,NA
"ASV3622","Bacteria","Chloroflexi","Anaerolineae","Caldilineales","Caldilineaceae","uncultured",NA,NA
"ASV3627","Bacteria","Bacteroidetes","Bacteroidia","Bacteroidales","Paludibacteraceae","Paludibacter",NA,NA
"ASV3655","Bacteria","Kiritimatiellaeota","Kiritimatiellae","WCHB1-41","uncultured_bacterium","uncultured_bacterium",NA,NA
"ASV3656","Archaea","Thaumarchaeota","Nitrososphaeria","Nitrosopumilales","Nitrosopumilaceae","Candidatus_Nitrosopelagicus",NA,NA
"ASV3657","Bacteria","Planctomycetes","Phycisphaerae","MSBL9","4572-13","uncultured_bacterium",NA,NA
"ASV3690","Bacteria","Proteobacteria","Gammaproteobacteria","Betaproteobacteriales","Burkholderiaceae","Limnobacter",NA,NA
"ASV3704","Bacteria","Proteobacteria","Gammaproteobacteria","EPR3968-O8a-Bc78","uncultured_bacterium","uncultured_bacterium",NA,NA
"ASV3708","Bacteria","Proteobacteria","Gammaproteobacteria","Cellvibrionales","Spongiibacteraceae","Sinobacterium",NA,NA
"ASV3714","Bacteria","Acidobacteria","Acidobacteriia","Solibacterales","Solibacteraceae_(Subgroup_3)","PAUC26f",NA,NA
"ASV3735","Bacteria","Proteobacteria","Gammaproteobacteria","Enterobacteriales","Enterobacteriaceae","Escherichia-Shigella",NA,NA
"ASV3754","Bacteria","Proteobacteria","Gammaproteobacteria","Thiomicrospirales","Thiomicrospiraceae","Thiomicrorhabdus",NA,NA
"ASV3760","Bacteria","Chloroflexi","Anaerolineae","Anaerolineales","Anaerolineaceae","Anaerolineaceae_UCG-001",NA,NA
"ASV3761","Bacteria","Proteobacteria","Deltaproteobacteria","Desulfobacterales","Desulfobacteraceae","Desulfatirhabdium",NA,NA
"ASV3775","Bacteria","Proteobacteria","Gammaproteobacteria","Oceanospirillales","Oleiphilaceae","Oleiphilus",NA,NA
"ASV3800","Bacteria","Proteobacteria","Alphaproteobacteria","Rhizobiales","Rhizobiales_Incertae_Sedis","uncultured",NA,NA
"ASV3821","Bacteria","Proteobacteria","Deltaproteobacteria","Desulfobacterales","Desulfobacteraceae","Desulfospira",NA,NA
"ASV3847","Bacteria","Proteobacteria","Alphaproteobacteria","Sphingomonadales","Sphingomonadaceae","Croceicoccus",NA,NA
"ASV3849","Bacteria","Proteobacteria","Gammaproteobacteria","Betaproteobacteriales","Burkholderiaceae","Herbaspirillum",NA,NA
"ASV3853","Bacteria","Cyanobacteria","Oxyphotobacteria","Phormidesmiales","Phormidesmiaceae","Acrophormium_PCC-7375",NA,NA
"ASV3857","Bacteria","Actinobacteria","Acidimicrobiia","Microtrichales","uncultured","uncultured_Actinomycetales_bacterium",NA,NA
"ASV3880","Bacteria","Bacteroidetes","Ignavibacteria","Ignavibacteriales","PHOS-HE36","uncultured_bacterium",NA,NA
"ASV3885","Bacteria","Nitrospirae","Thermodesulfovibrionia","uncultured","uncultured_bacterium","uncultured_bacterium",NA,NA
"ASV3887","Bacteria","Proteobacteria","Alphaproteobacteria","Rickettsiales","Rickettsiaceae","uncultured",NA,NA
"ASV3905","Bacteria","Planctomycetes","Pla4_lineage","uncultured_bacterium","uncultured_bacterium","uncultured_bacterium",NA,NA
"ASV3925","Bacteria","Proteobacteria","Alphaproteobacteria","Rhodospirillales","Magnetospiraceae","uncultured",NA,NA
"ASV3951","Bacteria","Firmicutes","Bacilli","Bacillales","Bacillaceae","Bacillus",NA,NA
"ASV3953","Bacteria","Bacteroidetes","Bacteroidia","Chitinophagales","Chitinophagaceae","uncultured",NA,NA
"ASV3976","Bacteria","Proteobacteria","Deltaproteobacteria","Desulfobacterales","Desulfobacteraceae","Desulfoconvexum",NA,NA
"ASV3999","Bacteria","Patescibacteria","Parcubacteria","Candidatus_Yanofskybacteria","uncultured_bacterium","uncultured_bacterium",NA,NA
"ASV4006","Bacteria","Bacteroidetes","Bacteroidia","Flavobacteriales","Flavobacteriaceae","Zobellia",NA,NA
"ASV4045","Bacteria","Chloroflexi","Anaerolineae","Ardenticatenales","uncultured","uncultured_sediment_bacterium",NA,NA
"ASV4060","Bacteria","Proteobacteria","Gammaproteobacteria","Cellvibrionales","Porticoccaceae","Porticoccus",NA,NA
"ASV4064","Bacteria","Bacteroidetes","Bacteroidia","Flavobacteriales","Flavobacteriaceae","Muricauda",NA,NA
"ASV4080","Bacteria","Proteobacteria","Gammaproteobacteria","Nitrosococcales","Nitrosococcaceae","Cm1-21",NA,NA
"ASV4093","Bacteria","Proteobacteria","Alphaproteobacteria","Rhizobiales","Xanthobacteraceae","Bradyrhizobium",NA,NA
"ASV4113","Bacteria","Firmicutes","Bacilli","Bacillales","Planococcaceae","Planomicrobium",NA,NA
"ASV4119","Bacteria","Proteobacteria","Deltaproteobacteria","NB1-j","uncultured_sediment_bacterium","uncultured_sediment_bacterium",NA,NA
"ASV4133","Bacteria","Proteobacteria","Deltaproteobacteria","SAR324_clade(Marine_group_B)","uncultured_bacterium","uncultured_bacterium",NA,NA
"ASV4183","Bacteria","Actinobacteria","WCHB1-81","uncultured_bacterium","uncultured_bacterium","uncultured_bacterium",NA,NA
"ASV4195","Bacteria","Fibrobacteres","Fibrobacteria","Fibrobacterales","possible_family_01","uncultured_bacterium",NA,NA
"ASV4215","Bacteria","Proteobacteria","Gammaproteobacteria","Cellvibrionales","Halieaceae","Parahaliea",NA,NA
"ASV1086","Bacteria","Proteobacteria","Deltaproteobacteria","Desulfobacterales","Desulfobacteraceae","Desulfosarcina",NA,NA
"ASV1390","Archaea","Euryarchaeota","Thermoplasmata","Marine_Group_II","uncultured_marine_archaeon","uncultured_marine_archaeon",NA,NA
"ASV1412","Bacteria","Bacteroidetes","Bacteroidia","Bacteroidales","Marinifilaceae","Marinifilum",NA,NA
"ASV2306","Bacteria","Verrucomicrobia","Verrucomicrobiae","Opitutales","Puniceicoccaceae","MB11C04_marine_group",NA,NA
"ASV2328","Bacteria","Proteobacteria","Alphaproteobacteria","Caulobacterales","Caulobacteraceae","Brevundimonas",NA,NA
"ASV2360","Bacteria","Proteobacteria","Alphaproteobacteria","Kordiimonadales","uncultured","uncultured_alpha_proteobacterium",NA,NA
"ASV2704","Bacteria","Proteobacteria","Gammaproteobacteria","Oceanospirillales","Nitrincolaceae","Marinobacterium",NA,NA
"ASV3504","Bacteria","Proteobacteria","Alphaproteobacteria","Rhodobacterales","Rhodobacteraceae","Pseudoruegeria",NA,NA
"ASV3626","Bacteria","Proteobacteria","Deltaproteobacteria","Desulfobacterales","Desulfobacteraceae","Desulfobacter",NA,NA
"ASV3947","Bacteria","Bacteroidetes","Bacteroidia","Chitinophagales","Chitinophagaceae","Sediminibacterium",NA,NA
"ASV4044","Bacteria","Bacteroidetes","Bacteroidia","Chitinophagales","Saprospiraceae","Aureispira",NA,NA
