sample_names(all_years_16S_filtered),x,year,
asuCPW10,2015:07:07,2015,
asuCPW2,2015:07:07,2015,
asuCPW23,2015:06:25,2015,
asuCPW30,2015:06:25,2015,
asuCPW5,2015:07:07,2015,
asuCPW67,2015:06:25,2015,
asuCPW70,2015:06:25,2015,
asuCPWedge,2015:07:07,2015,
asuCPWinner,2015:07:07,2015,
AugZosAmbtEdge1,2015:08:09,2015,
AugZosAmbtEdge2,2015:08:09,2015,
AugZosAmbtInner1,2015:08:09,2015,
AugZosAmbtInner2,2015:08:09,2015,
AugZosEdgeB,2015:08:09,2015,
AugZosEdgeC,2015:08:09,2015,
AugZosEdgeD,2015:08:09,2015,
AugZosEdgeF,2015:08:09,2015,
AugZosEdgeH,2015:08:09,2015,
AugZosEdgeK,2015:08:09,2015,
AugZosInnerA,2015:08:09,2015,
AugZosInnerD,2015:08:09,2015,
AugZosInnerF,2015:08:09,2015,
AugZosInnerG,2015:08:09,2015,
AugZosInnerH,2015:08:09,2015,
AugZosInnerK,2015:08:09,2015,
BryzCISa,2015:05:29,2015,
BryzCISb,2015:05:29,2015,
BryzCISd,2015:05:29,2015,
BryzCISe,2015:05:29,2015,
Cap.1.D.1,2015:08:05,2015,
Cap.1.D.2,2015:08:05,2015,
Cap.1.D.3,2015:08:05,2015,
Cap.1.D.4,2015:08:05,2015,
Cap.1.D.5,2015:08:05,2015,
Cap.1.D.6,2015:08:05,2015,
CS.1.X.4,2015:08:05,2015,
EXT_NEG_2017_PLATE_8_H12,NA,NA,
EXT_NEG_2018_PLATE_B_H9,NA,NA,
GS.1.C.1,2015:08:05,2015,
GS.1.C.2,2015:08:05,2015,
GS.1.C.3,2015:08:05,2015,
GS.1.C.4,2015:08:05,2015,
Idotea.1.A.1,2015:08:05,2015,
Idotea.1.A.2,2015:08:05,2015,
Idotea.1.A.5,2015:08:05,2015,
Idotea.1.A.6,2015:08:05,2015,
Idotea.1.A.7,2015:08:07,2015,
Idotea.1.A.8,2015:08:07,2015,
Idotea.1.F.1,2015:08:05,2015,
Idotea.1.F.2,2015:08:05,2015,
Idotea.1.F.3,2015:08:05,2015,
JulyZosEdgeB,2015:07:10,2015,
JulyZosEdgeC,2015:07:10,2015,
JulyZosEdgeF,2015:07:10,2015,
JulyZosEdgeH,2015:07:10,2015,
JulyZosEdgeK,2015:07:10,2015,
JulyZosInnerA,2015:07:10,2015,
JulyZosInnerD,2015:07:10,2015,
JulyZosInnerF,2015:07:10,2015,
JulyZosInnerG,2015:07:10,2015,
JulyZosInnerH,2015:07:10,2015,
JulyZosInnerK,2015:07:10,2015,
KC.2.D.2,2015:08:07,2015,
KC.2.D.3,2015:08:07,2015,
KC.2.D.4,2015:08:07,2015,
RS.1.B.4,2015:08:05,2015,
sea4_blank01,na,NA,
sea5_blank01,7-8-2016,2016,
sea5_blank02,7-8-2016,2016,
sea5_pcrblank,7-8-2016,2016,
SedCIA17,04-07-2017,2017,
SedCIA18,27-Jun-18,2018,
SedCIB18,27-Jun-18,2018,
SedCIC17,04-07-2017,2017,
SedCIC18,27-Jun-18,2018,
SedCID17,04-07-2017,2017,
SedCID18,27-Jun-18,2018,
SedCIE17,04-07-2017,2017,
SedCIE18,27-Jun-18,2018,
SedCIF18,27-Jun-18,2018,
SedCIG17,04-07-2017,2017,
SedCSSA17,01-07-2017,2017,
SedCSSA18,23-Jun-18,2018,
SedCSSB17,01-07-2017,2017,
SedCSSB18,23-Jun-18,2018,
SedCSSC17,01-07-2017,2017,
SedCSSD17,01-07-2017,2017,
SedCSSD18,23-Jun-18,2018,
SedCSSE18,23-Jun-18,2018,
SedCSSF17,01-07-2017,2017,
SedCSSF18,23-Jun-18,2018,
SedPBPA17,05-07-2017,2017,
SedPBPA18,28-Jun-18,2018,
SedPBPB17,05-07-2017,2017,
SedPBPB18,28-Jun-18,2018,
SedPBPC17,05-07-2017,2017,
SedPBPC18,28-Jun-18,2018,
SedPBPD17,05-07-2017,2017,
SedPBPD18,28-Jun-18,2018,
SedPBPE17,05-07-2017,2017,
SedPBPE18,28-Jun-18,2018,
SedPBPF18,28-Jun-18,2018,
SedPBSA17,01-07-2017,2017,
SedPBSA18,22-Jun-18,2018,
SedPBSB17,01-07-2017,2017,
SedPBSB18,22-Jun-18,2018,
SedPBSC17,01-07-2017,2017,
SedPBSC18,22-Jun-18,2018,
SedPBSD18,22-Jun-18,2018,
SedPBSE17,01-07-2017,2017,
SedPBSE18,22-Jun-18,2018,
SedPBSF18,22-Jun-18,2018,
SedTQNA17,29-06-2017,2017,
SedTQNA18,01-Jul-18,2018,
SedTQNB17,29-06-2017,2017,
SedTQNB18,01-Jul-18,2018,
SedTQNC17,29-06-2017,2017,
SedTQNC18,01-Jul-18,2018,
SedTQND17,29-06-2017,2017,
SedTQND18,01-Jul-18,2018,
SedTQNE17,29-06-2017,2017,
SedTQNE18,01-Jul-18,2018,
SedTQNF18,01-Jul-18,2018,
SedTQSA17,29-06-2017,2017,
SedTQSA18,01-Jul-18,2018,
SedTQSB17,29-06-2017,2017,
SedTQSB18,01-Jul-18,2018,
SedTQSC17,29-06-2017,2017,
SedTQSC18,01-Jul-18,2018,
SedTQSD17,29-06-2017,2017,
SedTQSE17,29-06-2017,2017,
SedTQSE18,01-Jul-18,2018,
SedTQSF18,01-Jul-18,2018,
SmithCISa,2015:05:29,2015,
SmithCISb,2015:05:29,2015,
SmithCISc,2015:05:29,2015,
SmithCISd,2015:05:29,2015,
SmithCISe,2015:05:29,2015,
smithorajune1A,2015:06:25,2015,
smithorajune1B,2015:06:25,2015,
smithorajune2A,2015:06:25,2015,
smithorajune2B,2015:06:25,2015,
Snail1.1.S.1,2015:08:05,2015,
Snail1.1.S.2,2015:08:05,2015,
Snail1.1.S.3,2015:08:05,2015,
Snail1.1.S.4,2015:08:05,2015,
Snail1.1.S.5,2015:08:05,2015,
Snail2.2.B.1,2015:08:07,2015,
Snail2.2.B.2,2015:08:07,2015,
Snail2.2.B.3,2015:08:07,2015,
Snail2.2.B.4,2015:08:07,2015,
subrockGSEd16,6-30-2016,2016,
subrockTQSb16,7-2-2016,2016,
subrockTQSc16,7-2-2016,2016,
subshellCFIa16,6-28-2016,2016,
subshellCFIb16,6-28-2016,2016,
subshellCFIc16,6-28-2016,2016,
subshellCFId16,6-28-2016,2016,
subshellCFIe16,6-28-2016,2016,
subshellCSSb16,6-28-2016,2016,
subshellCSSc16,6-28-2016,2016,
subshellCSSd16,6-28-2016,2016,
subshellCSSe16,6-28-2016,2016,
subshellGSEa16,6-30-2016,2016,
subshellGSEb16,6-30-2016,2016,
subshellGSEc16,6-30-2016,2016,
subshellGSWa16,6-30-2016,2016,
subshellGSWb16,6-30-2016,2016,
subshellGSWc16,6-30-2016,2016,
subshellGSWd16,6-30-2016,2016,
subshellGSWe16,6-30-2016,2016,
subshellTQNa16,7-2-2016,2016,
subshellTQNb16,7-2-2016,2016,
subshellTQNc16,7-2-2016,2016,
subshellTQNd16,7-2-2016,2016,
subshellTQNe16,7-2-2016,2016,
subshellTQSa16,7-2-2016,2016,
subshellTQSd16,7-2-2016,2016,
subshellTQSe16,7-2-2016,2016,
subwoodCSSa16,6-28-2016,2016,
waterCFIa16,6-28-2016,2016,
waterCFIb16,6-28-2016,2016,
waterCFIc16,6-28-2016,2016,
waterCFId16,6-28-2016,2016,
WaterCIA17,04-07-2017,2017,
WaterCIA18,27-Jun-18,2018,
WaterCIB17,04-07-2017,2017,
WaterCIB18,27-Jun-18,2018,
WaterCIC17,04-07-2017,2017,
WaterCIC18,27-Jun-18,2018,
WaterCID17,04-07-2017,2017,
WaterCID18,27-Jun-18,2018,
WaterCIF18,27-Jun-18,2018,
WaterCIG17,04-07-2017,2017,
waterCPWasu23,2015:06:25,2015,
waterCPWasu5,2015:06:25,2015,
waterCPWasu6,2015:06:25,2015,
waterCSPa,2015:06:25,2015,
waterCSPb,2015:06:25,2015,
waterCSPc,2015:06:25,2015,
waterCSPtrans1,2015:05:29,2015,
waterCSSa16,6-28-2016,2016,
WaterCSSA17,01-07-2017,2017,
WaterCSSA18,23-Jun-18,2018,
waterCSSb16,6-28-2016,2016,
WaterCSSB17,01-07-2017,2017,
WaterCSSB18,23-Jun-18,2018,
waterCSSc16,6-28-2016,2016,
WaterCSSC17,01-07-2017,2017,
WaterCSSC18,23-Jun-18,2018,
waterCSSd16,6-28-2016,2016,
WaterCSSD17,01-07-2017,2017,
WaterCSSD18,23-Jun-18,2018,
waterCSSe16,6-28-2016,2016,
WaterCSSE17,01-07-2017,2017,
WaterCSSE18,23-Jun-18,2018,
waterGSEa16,6-30-2016,2016,
waterGSEb16,6-30-2016,2016,
waterGSEc16,6-30-2016,2016,
waterGSEd16,6-30-2016,2016,
waterGSEe16,6-30-2016,2016,
waterGSWa16,6-30-2016,2016,
waterGSWb16,6-30-2016,2016,
waterGSWc16,6-30-2016,2016,
waterGSWd16,6-30-2016,2016,
waterGSWe16,6-30-2016,2016,
waterMcNa,2015:06:27,2015,
waterMcNb,2015:06:27,2015,
waterMcSc,2015:06:27,2015,
waterPBPa16,7-6-2016,2016,
WaterPBPA17,05-07-2017,2017,
WaterPBPA18,28-Jun-18,2018,
waterPBPb16,7-6-2016,2016,
WaterPBPB17,05-07-2017,2017,
WaterPBPB18,28-Jun-18,2018,
waterPBPc16,7-6-2016,2016,
WaterPBPC17,05-07-2017,2017,
WaterPBPC18,28-Jun-18,2018,
waterPBPd16,7-6-2016,2016,
WaterPBPD17,05-07-2017,2017,
WaterPBPD18,28-Jun-18,2018,
waterPBPe16,7-6-2016,2016,
WaterPBPE17,05-07-2017,2017,
WaterPBPE18,28-Jun-18,2018,
WaterPBPF18,28-Jun-18,2018,
waterPBSa16,7-8-2016,2016,
WaterPBSA17,01-07-2017,2017,
WaterPBSA18,22-Jun-18,2018,
waterPBSb16,7-8-2016,2016,
WaterPBSB17,01-07-2017,2017,
WaterPBSB18,22-Jun-18,2018,
waterPBSc16,7-8-2016,2016,
WaterPBSC17,01-07-2017,2017,
WaterPBSC18,22-Jun-18,2018,
waterPBSd16,7-8-2016,2016,
WaterPBSD17,01-07-2017,2017,
WaterPBSD18,22-Jun-18,2018,
WaterPBSE17,01-07-2017,2017,
WaterPBSE18,22-Jun-18,2018,
WaterPBSF18,22-Jun-18,2018,
waterTQNa16,7-2-2016,2016,
WaterTQNA17,29-06-2017,2017,
WaterTQNA18,01-Jul-18,2018,
waterTQNb16,7-2-2016,2016,
WaterTQNB17,29-06-2017,2017,
WaterTQNB18,01-Jul-18,2018,
WaterTQNC18,01-Jul-18,2018,
waterTQNd16,7-2-2016,2016,
WaterTQND17,29-06-2017,2017,
WaterTQND18,01-Jul-18,2018,
waterTQNe16,7-2-2016,2016,
WaterTQNE17,29-06-2017,2017,
WaterTQNE18,01-Jul-18,2018,
WaterTQNF18,01-Jul-18,2018,
waterTQSa16,7-2-2016,2016,
WaterTQSA17,29-06-2017,2017,
WaterTQSA18,01-Jul-18,2018,
waterTQSb16,7-2-2016,2016,
WaterTQSB17,29-06-2017,2017,
WaterTQSB18,01-Jul-18,2018,
waterTQSc16,7-2-2016,2016,
WaterTQSC17,29-06-2017,2017,
WaterTQSC18,01-Jul-18,2018,
waterTQSd16,7-2-2016,2016,
WaterTQSD17,29-06-2017,2017,
WaterTQSE17,29-06-2017,2017,
WaterTQSE18,01-Jul-18,2018,
WaterTQSF18,01-Jul-18,2018,
ZosCFInewA16,6-28-2016,2016,
ZosCFInewB16,6-28-2016,2016,
ZosCFInewC16,6-28-2016,2016,
ZosCFInewD16,6-28-2016,2016,
ZosCFInewE16,6-28-2016,2016,
ZosCFInewF16,6-28-2016,2016,
ZosCFInewG16,6-28-2016,2016,
ZosCFInewH16,6-28-2016,2016,
ZosCFIoldA16,6-28-2016,2016,
ZosCFIoldB16,6-28-2016,2016,
ZosCFIoldC16,6-28-2016,2016,
ZosCFIoldF16,6-28-2016,2016,
ZosCFIoldG16,6-28-2016,2016,
ZosCFIrzmH16,6-28-2016,2016,
ZosCInewA17,04-07-2017,2017,
ZosCInewA18,27-Jun-18,2018,
ZosCInewB17,04-07-2017,2017,
ZosCInewB18,27-Jun-18,2018,
ZosCInewC17,04-07-2017,2017,
ZosCInewC18,27-Jun-18,2018,
ZosCInewD17,04-07-2017,2017,
ZosCInewD18,27-Jun-18,2018,
ZosCInewE17,04-07-2017,2017,
ZosCInewE18,27-Jun-18,2018,
ZosCInewF18,27-Jun-18,2018,
ZosCIoldA17,04-07-2017,2017,
ZosCIoldA18,27-Jun-18,2018,
ZosCIoldB17,04-07-2017,2017,
ZosCIoldB18,27-Jun-18,2018,
ZosCIoldC17,04-07-2017,2017,
ZosCIoldC18,27-Jun-18,2018,
ZosCIoldD17,04-07-2017,2017,
ZosCIoldD18,27-Jun-18,2018,
ZosCIoldF18,27-Jun-18,2018,
ZosCIrhrA17,04-07-2017,2017,
ZosCIrhrA18,27-Jun-18,2018,
ZosCIrhrB17,04-07-2017,2017,
ZosCIrhrB18,27-Jun-18,2018,
ZosCIrhrC17,04-07-2017,2017,
ZosCIrhrC18,27-Jun-18,2018,
ZosCIrhrD18,27-Jun-18,2018,
ZosCIrhrE17,04-07-2017,2017,
ZosCIrhrE18,27-Jun-18,2018,
ZosCIrhrF18,27-Jun-18,2018,
ZosCISnewA,2015:05:29,2015,
ZosCISnewB,2015:05:29,2015,
ZosCISnewC,2015:05:29,2015,
ZosCISnewD,2015:05:29,2015,
ZosCISnewE,2015:05:29,2015,
ZosCISoldA,2015:05:29,2015,
ZosCISoldB,2015:05:29,2015,
ZosCISoldC,2015:05:29,2015,
ZosCISoldD,2015:05:29,2015,
ZosCISoldE,2015:05:29,2015,
ZosCITtrans1a1,2015:05:30,2015,
ZosCITtrans1a2,2015:05:30,2015,
ZosCITtrans1Amb1,2015:05:31,2015,
ZosCITtrans1Amb2,2015:05:31,2015,
ZosCITtrans1Amb3,2015:05:31,2015,
ZosCITtrans1b1,2015:05:30,2015,
ZosCITtrans1b2,2015:05:30,2015,
ZosCITtrans1c1,2015:05:30,2015,
ZosCITtrans1c2,2015:05:30,2015,
ZosCPWnewA,2015:07:04,2015,
ZosCPWnewB,2015:07:04,2015,
ZosCPWnewC,2015:07:04,2015,
ZosCPWnewD,2015:07:04,2015,
ZosCPWnewE,2015:07:04,2015,
ZosCPWnewF,2015:07:04,2015,
ZosCPWoldA,2015:07:04,2015,
ZosCPWoldB,2015:07:04,2015,
ZosCPWoldC,2015:07:04,2015,
ZosCPWoldD,2015:07:04,2015,
ZosCPWoldE,2015:07:04,2015,
ZosCPWoldF,2015:07:04,2015,
ZosCSPE,2015:07:04,2015,
ZosCSPF,2015:07:04,2015,
ZosCSPnewA,2015:06:25,2015,
ZosCSPnewB,2015:06:25,2015,
ZosCSPnewB2,2015:06:25,2015,
ZosCSPnewC,2015:06:25,2015,
ZosCSPnewD,2015:06:25,2015,
ZosCSPnewE,2015:07:04,2015,
ZosCSPnewG,2015:07:04,2015,
ZosCSPnewH,2015:07:04,2015,
ZosCSPnewL,2015:07:04,2015,
ZosCSPnewM,2015:07:04,2015,
ZosCSPoldA,2015:06:25,2015,
ZosCSPoldB,2015:06:25,2015,
ZosCSPoldC,2015:06:25,2015,
ZosCSPoldF,2015:07:04,2015,
ZosCSPoldG,2015:07:04,2015,
ZosCSPoldH,2015:07:04,2015,
ZosCSPoldL,2015:07:04,2015,
ZosCSPoldM,2015:07:04,2015,
ZosCSPtrans2a1,2015:07:11,2015,
ZosCSPtrans2a2,2015:07:11,2015,
ZosCSPtrans2b1,2015:07:11,2015,
ZosCSPtrans2b2,2015:07:11,2015,
ZosCSPtrans2c1,2015:07:10,2015,
ZosCSPtrans3a1,2015:08:09,2015,
ZosCSPtrans3a2,2015:08:09,2015,
ZosCSPtrans3Amb1,2015:08:09,2015,
ZosCSPtrans3Amb2,2015:08:09,2015,
ZosCSPtrans3Amb3,2015:08:09,2015,
ZosCSPtrans3b1,2015:08:09,2015,
ZosCSPtrans3c1,2015:08:09,2015,
ZosCSSnewA,2015:07:10,2015,
ZosCSSnewA16,6-28-2016,2016,
ZosCSSnewA18,23-Jun-18,2018,
ZosCSSnewB,2015:07:10,2015,
ZosCSSnewB16,6-28-2016,2016,
ZosCSSnewC,2015:07:10,2015,
ZosCSSnewC16,6-28-2016,2016,
ZosCSSnewC18,23-Jun-18,2018,
ZosCSSnewD16,6-28-2016,2016,
ZosCSSnewD18,23-Jun-18,2018,
ZosCSSnewE,2015:07:10,2015,
ZosCSSnewE16,6-28-2016,2016,
ZosCSSnewF,2015:07:10,2015,
ZosCSSnewF16,6-28-2016,2016,
ZosCSSnewF17,01-07-2017,2017,
ZosCSSnewF18,23-Jun-18,2018,
ZosCSSnewG16,6-28-2016,2016,
ZosCSSnewH16,6-28-2016,2016,
ZosCSSoldA,2015:07:10,2015,
ZosCSSoldA16,6-28-2016,2016,
ZosCSSoldA17,01-07-2017,2017,
ZosCSSoldA18,23-Jun-18,2018,
ZosCSSoldB,2015:07:10,2015,
ZosCSSoldB16,6-28-2016,2016,
ZosCSSoldB17,01-07-2017,2017,
ZosCSSoldB18,23-Jun-18,2018,
ZosCSSoldC,2015:07:10,2015,
ZosCSSoldC16,6-28-2016,2016,
ZosCSSoldC17,01-07-2017,2017,
ZosCSSoldC18,23-Jun-18,2018,
ZosCSSoldD,2015:07:10,2015,
ZosCSSoldD17,01-07-2017,2017,
ZosCSSoldD18,23-Jun-18,2018,
ZosCSSoldE,2015:07:10,2015,
ZosCSSoldE16,6-28-2016,2016,
ZosCSSoldE18,23-Jun-18,2018,
ZosCSSoldF,2015:07:10,2015,
ZosCSSoldF16,6-28-2016,2016,
ZosCSSoldF18,23-Jun-18,2018,
ZosCSSoldG16,6-28-2016,2016,
ZosCSSoldH16,6-28-2016,2016,
ZosCSSolFF17,01-07-2017,2017,
ZosCSSrhrA17,01-07-2017,2017,
ZosCSSrhrA18,23-Jun-18,2018,
ZosCSSrhrB17,01-07-2017,2017,
ZosCSSrhrB18,23-Jun-18,2018,
ZosCSSrhrC17,01-07-2017,2017,
ZosCSSrhrC18,23-Jun-18,2018,
ZosCSSrhrD17,01-07-2017,2017,
ZosCSSrhrD18,23-Jun-18,2018,
ZosCSSrhrE18,23-Jun-18,2018,
ZosCSSrhrF17,01-07-2017,2017,
ZosCSSrhrF18,23-Jun-18,2018,
ZosCSSrzmA16,6-28-2016,2016,
ZosCSSrzmB16,6-28-2016,2016,
ZosCSSrzmC16,6-28-2016,2016,
ZosCSSrzmD16,6-28-2016,2016,
ZosCSSrzmE16,6-28-2016,2016,
ZosCSSrzmF16,6-28-2016,2016,
ZosCSSrzmG16,6-28-2016,2016,
ZosCSSrzmH16,6-28-2016,2016,
ZosGSEnewA,2015:07:01,2015,
ZosGSEnewA16,6-30-2016,2016,
ZosGSEnewB,2015:07:01,2015,
ZosGSEnewB16,6-30-2016,2016,
ZosGSEnewC,2015:07:01,2015,
ZosGSEnewC16,6-30-2016,2016,
ZosGSEnewD,2015:07:01,2015,
ZosGSEnewE,2015:07:01,2015,
ZosGSEnewG16,6-30-2016,2016,
ZosGSEnewH16,6-30-2016,2016,
ZosGSEoldA,2015:07:01,2015,
ZosGSEoldB,2015:07:01,2015,
ZosGSEoldB16,6-30-2016,2016,
ZosGSEoldC,2015:07:01,2015,
ZosGSEoldC16,6-30-2016,2016,
ZosGSEoldD,2015:07:01,2015,
ZosGSEoldD16,6-30-2016,2016,
ZosGSEoldE,2015:07:01,2015,
ZosGSEoldF,2015:07:01,2015,
ZosGSEoldF16,6-30-2016,2016,
ZosGSEoldH16,6-30-2016,2016,
ZosGSWnewA,2015:07:01,2015,
ZosGSWnewA16,6-30-2016,2016,
ZosGSWnewB,2015:07:01,2015,
ZosGSWnewB16,6-30-2016,2016,
ZosGSWnewC,2015:07:01,2015,
ZosGSWnewC16,6-30-2016,2016,
ZosGSWnewD,2015:07:01,2015,
ZosGSWnewD16,6-30-2016,2016,
ZosGSWnewE,2015:07:01,2015,
ZosGSWnewE16,6-30-2016,2016,
ZosGSWnewF,2015:07:01,2015,
ZosGSWnewF16,6-30-2016,2016,
ZosGSWnewG16,6-30-2016,2016,
ZosGSWoldA,2015:07:01,2015,
ZosGSWoldA16,6-30-2016,2016,
ZosGSWoldB,2015:07:01,2015,
ZosGSWoldB16,6-30-2016,2016,
ZosGSWoldC,2015:07:01,2015,
ZosGSWoldC16,6-30-2016,2016,
ZosGSWoldD,2015:07:01,2015,
ZosGSWoldD16,6-30-2016,2016,
ZosGSWoldE,2015:07:01,2015,
ZosGSWoldE16,6-30-2016,2016,
ZosGSWoldF,2015:07:01,2015,
ZosGSWoldF16,6-30-2016,2016,
ZosGSWoldG16,6-30-2016,2016,
ZosGSWoldH16,6-30-2016,2016,
ZosMcNnewA,2015:06:27,2015,
ZosMcNnewB,2015:06:27,2015,
ZosMcNnewB16,8-23-2016,2016,
ZosMcNnewC,2015:06:27,2015,
ZosMcNnewC16,8-23-2016,2016,
ZosMcNnewD,2015:06:27,2015,
ZosMcNnewE,2015:06:27,2015,
ZosMcNnewE16,8-23-2016,2016,
ZosMcNnewF,2015:06:27,2015,
ZosMcNnewF16,8-23-2016,2016,
ZosMcNoldA,2015:06:27,2015,
ZosMcNoldA16,8-23-2016,2016,
ZosMcNoldB,2015:06:27,2015,
ZosMcNoldB16,8-23-2016,2016,
ZosMcNoldC,2015:06:27,2015,
ZosMcNoldC16,8-23-2016,2016,
ZosMcNoldD,2015:06:27,2015,
ZosMcNoldD16,8-23-2016,2016,
ZosMcNoldE,2015:06:27,2015,
ZosMcNoldE16,8-23-2016,2016,
ZosMcNoldF,2015:06:27,2015,
ZosMcNoldF16,8-23-2016,2016,
ZosMcSnewA,2015:06:27,2015,
ZosMcSnewA16,8-23-2016,2016,
ZosMcSnewB,2015:06:27,2015,
ZosMcSnewB16,8-23-2016,2016,
ZosMcSnewC,2015:06:27,2015,
ZosMcSnewC16,8-23-2016,2016,
ZosMcSnewD,2015:06:27,2015,
ZosMcSnewD16,8-23-2016,2016,
ZosMcSnewE,2015:06:27,2015,
ZosMcSnewF,2015:06:27,2015,
ZosMcSoldA,2015:06:27,2015,
ZosMcSoldA16,8-23-2016,2016,
ZosMcSoldB,2015:06:27,2015,
ZosMcSoldB16,8-23-2016,2016,
ZosMcSoldC,2015:06:27,2015,
ZosMcSoldC16,8-23-2016,2016,
ZosMcSoldD,2015:06:27,2015,
ZosMcSoldD16,8-23-2016,2016,
ZosMcSoldE,2015:06:27,2015,
ZosMcSoldE16,8-23-2016,2016,
ZosMcSoldF,2015:06:27,2015,
ZosMcSoldF16,8-23-2016,2016,
ZosPBPnewA16,7-6-2016,2016,
ZosPBPnewB16,7-6-2016,2016,
ZosPBPnewB17,05-07-2017,2017,
ZosPBPnewC16,7-6-2016,2016,
ZosPBPnewC17,05-07-2017,2017,
ZosPBPnewC18,28-Jun-18,2018,
ZosPBPnewD16,7-6-2016,2016,
ZosPBPnewD17,05-07-2017,2017,
ZosPBPnewD18,28-Jun-18,2018,
ZosPBPnewE16,7-6-2016,2016,
ZosPBPnewE17,05-07-2017,2017,
ZosPBPnewE18,28-Jun-18,2018,
ZosPBPnewF16,7-6-2016,2016,
ZosPBPnewG16,7-6-2016,2016,
ZosPBPnewH16,7-6-2016,2016,
ZosPBPoldA16,7-6-2016,2016,
ZosPBPoldA17,05-07-2017,2017,
ZosPBPoldA18,28-Jun-18,2018,
ZosPBPoldB16,7-6-2016,2016,
ZosPBPoldB17,05-07-2017,2017,
ZosPBPoldB18,28-Jun-18,2018,
ZosPBPoldC16,7-6-2016,2016,
ZosPBPoldC17,05-07-2017,2017,
ZosPBPoldC18,28-Jun-18,2018,
ZosPBPoldD16,7-6-2016,2016,
ZosPBPoldD17,05-07-2017,2017,
ZosPBPoldD18,28-Jun-18,2018,
ZosPBPoldE16,7-6-2016,2016,
ZosPBPoldE18,28-Jun-18,2018,
ZosPBPoldF16,7-6-2016,2016,
ZosPBPoldF18,28-Jun-18,2018,
ZosPBPoldG16,7-6-2016,2016,
ZosPBPoldH16,7-6-2016,2016,
ZosPBPolEE17,05-07-2017,2017,
ZosPBPrhrA18,28-Jun-18,2018,
ZosPBPrhrB17,05-07-2017,2017,
ZosPBPrhrB18,28-Jun-18,2018,
ZosPBPrhrC17,05-07-2017,2017,
ZosPBPrhrC18,28-Jun-18,2018,
ZosPBPrhrD17,05-07-2017,2017,
ZosPBPrhrD18,28-Jun-18,2018,
ZosPBPrhrE17,05-07-2017,2017,
ZosPBPrhrE18,28-Jun-18,2018,
ZosPBPrhrF18,28-Jun-18,2018,
ZosPBPrzmA16,7-6-2016,2016,
ZosPBSnewA16,7-8-2016,2016,
ZosPBSnewA17,01-07-2017,2017,
ZosPBSnewA18,22-Jun-18,2018,
ZosPBSnewB16,7-8-2016,2016,
ZosPBSnewB17,01-07-2017,2017,
ZosPBSnewC16,7-8-2016,2016,
ZosPBSnewC17,01-07-2017,2017,
ZosPBSnewD16,7-8-2016,2016,
ZosPBSnewD17,01-07-2017,2017,
ZosPBSnewD18,22-Jun-18,2018,
ZosPBSnewE16,7-8-2016,2016,
ZosPBSnewE17,01-07-2017,2017,
ZosPBSnewF16,7-8-2016,2016,
ZosPBSnewG16,7-8-2016,2016,
ZosPBSnewH16,7-8-2016,2016,
ZosPBSoldA16,7-8-2016,2016,
ZosPBSoldA17,01-07-2017,2017,
ZosPBSoldA18,22-Jun-18,2018,
ZosPBSoldB16,7-8-2016,2016,
ZosPBSoldB17,01-07-2017,2017,
ZosPBSoldB18,22-Jun-18,2018,
ZosPBSoldC16,7-8-2016,2016,
ZosPBSoldC17,01-07-2017,2017,
ZosPBSoldC18,22-Jun-18,2018,
ZosPBSoldD16,7-8-2016,2016,
ZosPBSoldD17,01-07-2017,2017,
ZosPBSoldD18,22-Jun-18,2018,
ZosPBSoldE16,7-8-2016,2016,
ZosPBSoldE18,22-Jun-18,2018,
ZosPBSoldF16,7-8-2016,2016,
ZosPBSoldF18,22-Jun-18,2018,
ZosPBSoldG16,7-8-2016,2016,
ZosPBSoldH16,7-8-2016,2016,
ZosPBSolEE17,01-07-2017,2017,
ZosPBSrhrA17,01-07-2017,2017,
ZosPBSrhrB17,01-07-2017,2017,
ZosPBSrhrB18,22-Jun-18,2018,
ZosPBSrhrC17,01-07-2017,2017,
ZosPBSrhrC18,22-Jun-18,2018,
ZosPBSrhrD17,01-07-2017,2017,
ZosPBSrhrD18,22-Jun-18,2018,
ZosPBSrhrE17,01-07-2017,2017,
ZosPBSrhrE18,22-Jun-18,2018,
ZosPBSrhrF18,22-Jun-18,2018,
ZosPBSrzmB16,7-8-2016,2016,
Zosrhzmunkn,28-Jun-18,2018,
ZosTQNnewA16,7-2-2016,2016,
ZosTQNnewA17,29-06-2017,2017,
ZosTQNnewB,2015:07:01,2015,
ZosTQNnewB16,7-2-2016,2016,
ZosTQNnewB18,01-Jul-18,2018,
ZosTQNnewC,2015:07:01,2015,
ZosTQNnewC16,7-2-2016,2016,
ZosTQNnewC18,01-Jul-18,2018,
ZosTQNnewD,2015:07:01,2015,
ZosTQNnewD16,7-2-2016,2016,
ZosTQNnewD17,29-06-2017,2017,
ZosTQNnewD18,01-Jul-18,2018,
ZosTQNnewE16,7-2-2016,2016,
ZosTQNnewE17,29-06-2017,2017,
ZosTQNnewE18,01-Jul-18,2018,
ZosTQNnewF,2015:07:01,2015,
ZosTQNnewF16,7-2-2016,2016,
ZosTQNnewF18,01-Jul-18,2018,
ZosTQNnewG16,7-2-2016,2016,
ZosTQNnewH16,7-2-2016,2016,
ZosTQNoldA,2015:07:01,2015,
ZosTQNoldA16,7-2-2016,2016,
ZosTQNoldA17,29-06-2017,2017,
ZosTQNoldA18,01-Jul-18,2018,
ZosTQNoldB,2015:07:01,2015,
ZosTQNoldB16,7-2-2016,2016,
ZosTQNoldB17,29-06-2017,2017,
ZosTQNoldB18,01-Jul-18,2018,
ZosTQNoldC,2015:07:01,2015,
ZosTQNoldC16,7-2-2016,2016,
ZosTQNoldC17,29-06-2017,2017,
ZosTQNoldC18,01-Jul-18,2018,
ZosTQNoldD,2015:07:01,2015,
ZosTQNoldD16,7-2-2016,2016,
ZosTQNoldD17,29-06-2017,2017,
ZosTQNoldD18,01-Jul-18,2018,
ZosTQNoldE,2015:07:01,2015,
ZosTQNoldE16,7-2-2016,2016,
ZosTQNoldE18,01-Jul-18,2018,
ZosTQNoldF,2015:07:01,2015,
ZosTQNoldF16,7-2-2016,2016,
ZosTQNoldF18,01-Jul-18,2018,
ZosTQNoldG16,7-2-2016,2016,
ZosTQNoldH16,7-2-2016,2016,
ZosTQNolEE17,29-06-2017,2017,
ZosTQNrhrA17,29-06-2017,2017,
ZosTQNrhrA18,01-Jul-18,2018,
ZosTQNrhrB17,29-06-2017,2017,
ZosTQNrhrB18,01-Jul-18,2018,
ZosTQNrhrC17,29-06-2017,2017,
ZosTQNrhrC18,01-Jul-18,2018,
ZosTQNrhrD17,29-06-2017,2017,
ZosTQNrhrD18,01-Jul-18,2018,
ZosTQNrhrE17,29-06-2017,2017,
ZosTQNrhrE18,01-Jul-18,2018,
ZosTQNrhrF18,01-Jul-18,2018,
ZosTQSnewA,2015:07:01,2015,
ZosTQSnewA16,7-2-2016,2016,
ZosTQSnewA18,01-Jul-18,2018,
ZosTQSnewB,2015:07:01,2015,
ZosTQSnewB16,7-2-2016,2016,
ZosTQSnewB18,01-Jul-18,2018,
ZosTQSnewC,2015:07:01,2015,
ZosTQSnewC16,7-2-2016,2016,
ZosTQSnewC18,01-Jul-18,2018,
ZosTQSnewD,2015:07:01,2015,
ZosTQSnewD16,7-2-2016,2016,
ZosTQSnewE,2015:07:01,2015,
ZosTQSnewE16,7-2-2016,2016,
ZosTQSnewE18,01-Jul-18,2018,
ZosTQSnewF,2015:07:01,2015,
ZosTQSnewF16,7-2-2016,2016,
ZosTQSnewF18,01-Jul-18,2018,
ZosTQSnewG16,7-2-2016,2016,
ZosTQSnewH16,7-2-2016,2016,
ZosTQSoldA,2015:07:01,2015,
ZosTQSoldA16,7-2-2016,2016,
ZosTQSoldA17,29-06-2017,2017,
ZosTQSoldA18,01-Jul-18,2018,
ZosTQSoldB,2015:07:01,2015,
ZosTQSoldB16,7-2-2016,2016,
ZosTQSoldB17,29-06-2017,2017,
ZosTQSoldB18,01-Jul-18,2018,
ZosTQSoldC,2015:07:01,2015,
ZosTQSoldC16,7-2-2016,2016,
ZosTQSoldC17,29-06-2017,2017,
ZosTQSoldC18,01-Jul-18,2018,
ZosTQSoldD,2015:07:01,2015,
ZosTQSoldD16,7-2-2016,2016,
ZosTQSoldD17,29-06-2017,2017,
ZosTQSoldD18,01-Jul-18,2018,
ZosTQSoldE,2015:07:01,2015,
ZosTQSoldE16,7-2-2016,2016,
ZosTQSoldE18,01-Jul-18,2018,
ZosTQSoldF,2015:07:01,2015,
ZosTQSoldF16,7-2-2016,2016,
ZosTQSoldF18,01-Jul-18,2018,
ZosTQSoldG16,7-2-2016,2016,
ZosTQSoldH16,7-2-2016,2016,
ZosTQSrhrA17,29-06-2017,2017,
ZosTQSrhrA18,01-Jul-18,2018,
ZosTQSrhrB18,01-Jul-18,2018,
ZosTQSrhrC17,29-06-2017,2017,
ZosTQSrhrC18,01-Jul-18,2018,
ZosTQSrhrD17,29-06-2017,2017,
ZosTQSrhrD18,01-Jul-18,2018,
ZosTQSrhrE17,29-06-2017,2017,
ZosTQSrhrE18,01-Jul-18,2018,
ZosTQSrhrF18,01-Jul-18,2018,